fold,target_time,episode_end,intervals,actual_max_excess,predicted_max_pointwise_excess,signed_error,absolute_error,status
0,2021-04-15 09:00:00,2021-04-15 09:00:00,1,2.5,2.7892378235146174,0.28923782351461735,0.28923782351461735,evaluated
0,2021-04-15 13:15:00,2021-04-15 13:45:00,3,5.5,2.041141300988615,-3.458858699011385,3.458858699011385,evaluated
0,2021-04-15 15:45:00,2021-04-15 15:45:00,1,2.5,1.1395619901251113,-1.3604380098748887,1.3604380098748887,evaluated
0,2021-04-16 09:00:00,2021-04-16 09:00:00,1,2.5,2.9250433448036013,0.4250433448036013,0.4250433448036013,evaluated
0,2021-04-16 13:15:00,2021-04-16 13:45:00,3,5.5,1.7977533670445691,-3.702246632955431,3.702246632955431,evaluated
0,2021-04-16 15:45:00,2021-04-16 15:45:00,1,2.5,2.3592521517717584,-0.1407478482282416,0.1407478482282416,evaluated
0,2021-05-03 08:30:00,2021-05-03 09:30:00,5,7.5,3.709280402039966,-3.790719597960034,3.790719597960034,evaluated
0,2021-05-03 12:00:00,2021-05-03 12:00:00,1,2.5,3.057147916058023,0.5571479160580228,0.5571479160580228,evaluated
0,2021-05-03 13:15:00,2021-05-03 14:00:00,4,5.5,2.6078415640970327,-2.8921584359029673,2.8921584359029673,evaluated
0,2021-05-04 08:30:00,2021-05-04 08:30:00,1,4.5,3.000834593781041,-1.499165406218959,1.499165406218959,evaluated
0,2021-05-04 09:45:00,2021-05-04 09:45:00,1,0.5,3.3236579397930504,2.8236579397930504,2.8236579397930504,evaluated
0,2021-05-04 11:15:00,2021-05-04 11:15:00,1,1.5,2.669645973088363,1.1696459730883628,1.1696459730883628,evaluated
0,2021-05-04 15:00:00,2021-05-04 15:00:00,1,3.5,0.1023818729505842,-3.397618127049416,3.397618127049416,evaluated
0,2021-05-04 15:45:00,2021-05-04 15:45:00,1,0.5,0.0115670698516479,-0.4884329301483521,0.4884329301483521,evaluated
0,2021-05-06 08:30:00,2021-05-06 10:00:00,7,22.5,3.6413594148389,-18.8586405851611,18.8586405851611,evaluated
0,2021-05-06 11:00:00,2021-05-06 11:00:00,1,0.5,2.9355923716444186,2.4355923716444186,2.4355923716444186,evaluated
0,2021-05-06 11:45:00,2021-05-06 11:45:00,1,2.5,4.328800204650898,1.8288002046508982,1.8288002046508982,evaluated
0,2021-05-07 08:45:00,2021-05-07 09:00:00,2,4.5,2.9889892299468177,-1.5110107700531823,1.5110107700531823,evaluated
0,2021-05-09 08:30:00,2021-05-09 09:00:00,3,7.5,0.2385738076496349,-7.261426192350365,7.261426192350365,evaluated
0,2021-05-10 08:30:00,2021-05-10 09:00:00,3,7.5,2.1846155347561105,-5.3153844652438895,5.3153844652438895,evaluated
0,2021-05-11 08:45:00,2021-05-11 08:45:00,1,0.5,2.601842711336872,2.101842711336872,2.101842711336872,evaluated
0,2021-05-11 10:00:00,2021-05-11 10:00:00,1,0.5,2.4252027960938656,1.9252027960938656,1.9252027960938656,evaluated
0,2021-05-11 13:15:00,2021-05-11 13:15:00,1,8.5,0.2272221140459621,-8.272777885954039,8.272777885954039,evaluated
0,2021-05-12 08:30:00,2021-05-12 08:45:00,2,1.5,0.6043598720705897,-0.8956401279294103,0.8956401279294103,evaluated
0,2021-05-12 11:30:00,2021-05-12 11:30:00,1,6.5,0.1590040760809716,-6.340995923919029,6.340995923919029,evaluated
0,2021-05-12 13:30:00,2021-05-12 13:30:00,1,7.5,0.3829798242410299,-7.11702017575897,7.11702017575897,evaluated
0,2021-05-12 14:00:00,2021-05-12 14:00:00,1,2.5,0.1536049099476847,-2.346395090052315,2.346395090052315,evaluated
1,2021-06-01 08:30:00,2021-06-01 09:00:00,3,18.0,0.590158198344171,-17.40984180165583,17.40984180165583,evaluated
1,2021-06-01 10:00:00,2021-06-01 10:00:00,1,5.0,1.9186988071391824,-3.081301192860818,3.081301192860818,evaluated
1,2021-06-01 10:30:00,2021-06-01 11:30:00,5,10.0,2.355683849770668,-7.644316150229332,7.644316150229332,evaluated
1,2021-06-02 09:30:00,2021-06-02 10:00:00,3,3.0,1.386408357709838,-1.613591642290162,1.613591642290162,evaluated
1,2021-06-02 10:45:00,2021-06-02 11:15:00,3,14.0,4.097593639272932,-9.902406360727067,9.902406360727067,evaluated
1,2021-06-02 13:30:00,2021-06-02 14:00:00,3,12.0,3.849091089183432,-8.150908910816568,8.150908910816568,evaluated
1,2021-06-02 14:45:00,2021-06-02 15:00:00,2,3.0,1.733205668193063,-1.266794331806937,1.266794331806937,evaluated
1,2021-06-03 08:30:00,2021-06-03 08:30:00,1,4.0,1.8966455676168856,-2.1033544323831146,2.1033544323831146,evaluated
1,2021-06-07 08:45:00,2021-06-07 09:15:00,3,5.0,3.751487678931816,-1.2485123210681839,1.2485123210681839,evaluated
1,2021-06-07 13:45:00,2021-06-07 13:45:00,1,5.0,0.8517480600368906,-4.148251939963109,4.148251939963109,evaluated
1,2021-06-07 14:45:00,2021-06-07 14:45:00,1,3.0,0.4111736242742004,-2.5888263757257994,2.5888263757257994,evaluated
1,2021-06-08 16:00:00,2021-06-08 16:00:00,1,3.0,0.1763054032663659,-2.823694596733634,2.823694596733634,evaluated
1,2021-06-09 09:30:00,2021-06-09 09:45:00,2,2.0,0.3246149118741099,-1.67538508812589,1.67538508812589,evaluated
1,2021-06-09 10:30:00,2021-06-09 10:45:00,2,3.0,1.1658671252440749,-1.8341328747559251,1.8341328747559251,evaluated
1,2021-06-09 11:45:00,2021-06-09 11:45:00,1,1.0,0.9143925403713972,-0.08560745962860283,0.08560745962860283,evaluated
1,2021-06-09 14:00:00,2021-06-09 14:00:00,1,4.0,0.5283160526516998,-3.4716839473483003,3.4716839473483003,evaluated
1,2021-06-14 08:45:00,2021-06-14 09:30:00,4,27.0,6.450456479710829,-20.54954352028917,20.54954352028917,evaluated
1,2021-06-14 10:00:00,2021-06-14 10:00:00,1,3.0,0.9726487278790036,-2.0273512721209963,2.0273512721209963,evaluated
1,2021-06-14 10:30:00,2021-06-14 10:45:00,2,3.0,2.2710738491356888,-0.7289261508643112,0.7289261508643112,evaluated
1,2021-06-14 11:30:00,2021-06-14 11:45:00,2,13.0,4.324464449514359,-8.675535550485641,8.675535550485641,evaluated
1,2021-06-14 13:30:00,2021-06-14 14:15:00,4,15.0,5.462818471486178,-9.537181528513823,9.537181528513823,evaluated
1,2021-06-14 15:30:00,2021-06-14 16:15:00,4,15.0,3.909812786996182,-11.090187213003817,11.090187213003817,evaluated
1,2021-06-14 18:00:00,2021-06-14 18:30:00,3,5.0,1.016514277759828,-3.983485722240172,3.983485722240172,evaluated
1,2021-06-15 08:30:00,2021-06-15 09:30:00,5,21.0,6.457577966016138,-14.542422033983861,14.542422033983861,evaluated
1,2021-06-15 10:00:00,2021-06-15 10:00:00,1,11.0,3.4984842209568376,-7.501515779043162,7.501515779043162,evaluated
1,2021-06-15 10:45:00,2021-06-15 10:45:00,1,4.0,1.3863786947551793,-2.6136213052448207,2.6136213052448207,evaluated
1,2021-06-15 11:30:00,2021-06-15 11:30:00,1,3.0,1.525019366382422,-1.474980633617578,1.474980633617578,evaluated
1,2021-06-15 12:00:00,2021-06-15 12:00:00,1,7.0,2.5484715800124658,-4.451528419987534,4.451528419987534,evaluated
1,2021-06-15 14:15:00,2021-06-15 14:30:00,2,5.0,1.5109769295787208,-3.489023070421279,3.489023070421279,evaluated
1,2021-06-15 16:45:00,2021-06-15 16:45:00,1,4.0,0.9369838591432876,-3.0630161408567123,3.0630161408567123,evaluated
1,2021-06-16 08:30:00,2021-06-16 08:45:00,2,8.0,2.578900452736544,-5.421099547263456,5.421099547263456,evaluated
1,2021-06-16 09:45:00,2021-06-16 10:00:00,2,15.0,4.447232137510522,-10.552767862489478,10.552767862489478,evaluated
1,2021-06-16 10:30:00,2021-06-16 11:15:00,4,16.0,4.472843116023942,-11.527156883976058,11.527156883976058,evaluated
1,2021-06-16 15:45:00,2021-06-16 15:45:00,1,3.0,0.6817932103759247,-2.3182067896240754,2.3182067896240754,evaluated
1,2021-06-17 08:15:00,2021-06-17 09:30:00,6,20.0,7.2322187923963055,-12.767781207603694,12.767781207603694,evaluated
1,2021-06-17 10:00:00,2021-06-17 10:00:00,1,2.0,0.9298562813706938,-1.0701437186293061,1.0701437186293061,evaluated
1,2021-06-17 11:15:00,2021-06-17 11:30:00,2,13.0,4.739879747452473,-8.260120252547527,8.260120252547527,evaluated
1,2021-06-17 13:30:00,2021-06-17 14:00:00,3,15.0,6.66237317873699,-8.33762682126301,8.33762682126301,evaluated
1,2021-06-17 14:30:00,2021-06-17 14:30:00,1,2.0,0.8130639582922679,-1.1869360417077321,1.1869360417077321,evaluated
1,2021-06-17 15:00:00,2021-06-17 15:00:00,1,12.0,4.779797367295144,-7.220202632704856,7.220202632704856,evaluated
1,2021-06-17 15:30:00,2021-06-17 15:45:00,2,2.0,0.8944777491052714,-1.1055222508947287,1.1055222508947287,evaluated
1,2021-06-18 10:00:00,2021-06-18 10:00:00,1,9.0,2.5029979514680165,-6.497002048531984,6.497002048531984,evaluated
1,2021-06-18 10:30:00,2021-06-18 10:30:00,1,2.0,0.9895756986175228,-1.0104243013824772,1.0104243013824772,evaluated
1,2021-06-18 11:30:00,2021-06-18 11:45:00,2,8.0,2.283170928864536,-5.716829071135464,5.716829071135464,evaluated
1,2021-06-18 13:30:00,2021-06-18 13:30:00,1,3.0,1.699289281016319,-1.300710718983681,1.300710718983681,evaluated
1,2021-06-21 08:30:00,2021-06-21 10:00:00,7,31.0,8.001822258967453,-22.99817774103255,22.99817774103255,evaluated
1,2021-06-21 10:30:00,2021-06-21 11:00:00,3,25.0,8.290703274948047,-16.709296725051953,16.709296725051953,evaluated
1,2021-06-21 11:45:00,2021-06-21 12:00:00,2,14.0,5.4150294341569465,-8.584970565843054,8.584970565843054,evaluated
1,2021-06-21 13:15:00,2021-06-21 15:00:00,8,24.0,7.474469877930725,-16.525530122069277,16.525530122069277,evaluated
1,2021-06-21 15:45:00,2021-06-21 15:45:00,1,7.0,2.252443002308613,-4.747556997691387,4.747556997691387,evaluated
1,2021-06-22 09:00:00,2021-06-22 09:00:00,1,1.0,0.1952997008913829,-0.8047002991086171,0.8047002991086171,evaluated
1,2021-06-22 10:45:00,2021-06-22 11:00:00,2,12.0,4.002918516437644,-7.997081483562356,7.997081483562356,evaluated
1,2021-06-22 11:45:00,2021-06-22 11:45:00,1,3.0,1.214282270983059,-1.785717729016941,1.785717729016941,evaluated
1,2021-06-22 14:00:00,2021-06-22 14:00:00,1,9.0,2.8566073855547534,-6.143392614445247,6.143392614445247,evaluated
1,2021-06-24 08:30:00,2021-06-24 09:00:00,3,11.0,3.0458120022964765,-7.9541879977035235,7.9541879977035235,evaluated
1,2021-06-24 13:45:00,2021-06-24 14:00:00,2,13.0,2.7150065497797504,-10.284993450220249,10.284993450220249,evaluated
1,2021-06-24 16:00:00,2021-06-24 16:00:00,1,3.0,0.2415420165523044,-2.7584579834476957,2.7584579834476957,evaluated
1,2021-06-25 09:45:00,2021-06-25 09:45:00,1,1.0,0.8477920216430256,-0.15220797835697442,0.15220797835697442,evaluated
1,2021-06-25 10:45:00,2021-06-25 11:15:00,3,7.0,1.95931478329734,-5.04068521670266,5.04068521670266,evaluated
1,2021-06-25 12:00:00,2021-06-25 12:00:00,1,6.0,1.382074541504105,-4.617925458495895,4.617925458495895,evaluated
1,2021-06-25 13:15:00,2021-06-25 13:30:00,2,8.0,2.181406172746487,-5.818593827253514,5.818593827253514,evaluated
1,2021-06-25 14:15:00,2021-06-25 14:15:00,1,7.0,2.129448320490875,-4.870551679509125,4.870551679509125,evaluated
1,2021-06-25 15:00:00,2021-06-25 15:00:00,1,1.0,0.1915349656558365,-0.8084650343441635,0.8084650343441635,evaluated
1,2021-06-25 15:30:00,2021-06-25 16:00:00,3,9.0,2.253455798566725,-6.7465442014332755,6.7465442014332755,evaluated
1,2021-06-25 18:00:00,2021-06-25 18:00:00,1,3.0,0.5878385343877875,-2.4121614656122126,2.4121614656122126,evaluated
2,2021-07-08 09:00:00,2021-07-08 09:00:00,1,12.0,6.743749394415861,-5.256250605584139,5.256250605584139,evaluated
2,2021-07-08 09:30:00,2021-07-08 10:00:00,3,11.0,4.483045114504986,-6.516954885495014,6.516954885495014,evaluated
2,2021-07-08 10:30:00,2021-07-08 12:00:00,7,26.0,4.052860276514706,-21.947139723485293,21.947139723485293,evaluated
2,2021-07-08 13:30:00,2021-07-08 14:45:00,6,26.0,12.270008689931249,-13.729991310068751,13.729991310068751,evaluated
2,2021-07-08 16:00:00,2021-07-08 16:45:00,4,11.0,5.8857998075125,-5.1142001924875,5.1142001924875,evaluated
2,2021-07-09 08:45:00,2021-07-09 09:00:00,2,13.0,7.895245511007985,-5.104754488992015,5.104754488992015,evaluated
2,2021-07-09 11:00:00,2021-07-09 11:00:00,1,1.0,4.252074027419868,3.2520740274198676,3.2520740274198676,evaluated
2,2021-07-09 11:45:00,2021-07-09 11:45:00,1,1.0,2.6231043266776903,1.6231043266776903,1.6231043266776903,evaluated
2,2021-07-09 13:30:00,2021-07-09 13:45:00,2,11.0,4.132170054448209,-6.867829945551791,6.867829945551791,evaluated
2,2021-07-09 14:30:00,2021-07-09 15:00:00,3,17.0,1.7882630045766787,-15.21173699542332,15.21173699542332,evaluated
2,2021-07-09 15:45:00,2021-07-09 16:15:00,3,13.0,2.604347423217017,-10.395652576782982,10.395652576782982,evaluated
2,2021-07-12 08:30:00,2021-07-12 10:00:00,7,23.0,7.878411220654343,-15.121588779345657,15.121588779345657,evaluated
2,2021-07-12 10:30:00,2021-07-12 12:00:00,7,13.0,11.808693994568117,-1.1913060054318834,1.1913060054318834,evaluated
2,2021-07-12 13:45:00,2021-07-12 13:45:00,1,3.0,7.973908490173159,4.973908490173159,4.973908490173159,evaluated
2,2021-07-12 14:15:00,2021-07-12 15:00:00,4,15.0,5.815659158338868,-9.184340841661133,9.184340841661133,evaluated
2,2021-07-12 15:45:00,2021-07-12 16:15:00,3,13.0,3.5324293233614337,-9.467570676638566,9.467570676638566,evaluated
2,2021-07-12 16:45:00,2021-07-12 17:00:00,2,2.0,1.4783498701509787,-0.5216501298490213,0.5216501298490213,evaluated
2,2021-07-23 08:30:00,2021-07-23 10:00:00,7,27.0,6.040862261158405,-20.959137738841594,20.959137738841594,evaluated
2,2021-07-23 10:30:00,2021-07-23 12:00:00,7,24.0,7.31553494065386,-16.684465059346138,16.684465059346138,evaluated
2,2021-07-23 13:30:00,2021-07-23 15:00:00,7,17.0,10.591287000154,-6.408712999845999,6.408712999845999,evaluated
2,2021-07-23 15:45:00,2021-07-23 17:00:00,6,31.0,3.2102799269686053,-27.789720073031393,27.789720073031393,evaluated
2,2021-07-23 18:00:00,2021-07-23 18:00:00,1,3.0,1.7434123598703302,-1.2565876401296698,1.2565876401296698,evaluated
2,2021-07-23 19:00:00,2021-07-23 19:00:00,1,1.0,4.2272752824492,3.2272752824491997,3.2272752824491997,evaluated
2,2021-07-26 08:15:00,2021-07-26 10:00:00,8,42.0,11.214669688081475,-30.785330311918525,30.785330311918525,evaluated
2,2021-07-26 10:30:00,2021-07-26 12:00:00,7,32.0,14.0553039036222,-17.9446960963778,17.9446960963778,evaluated
2,2021-07-26 13:30:00,2021-07-26 13:45:00,2,5.0,9.724208079457572,4.724208079457572,4.724208079457572,evaluated
2,2021-07-26 14:15:00,2021-07-26 15:00:00,4,24.0,7.911211628874425,-16.088788371125574,16.088788371125574,evaluated
2,2021-07-26 15:45:00,2021-07-26 16:00:00,2,5.0,8.212797192610116,3.2127971926101164,3.2127971926101164,evaluated
2,2021-07-26 16:45:00,2021-07-26 16:45:00,1,2.0,2.35721609743486,0.35721609743485994,0.35721609743485994,evaluated
2,2021-07-26 18:15:00,2021-07-26 18:30:00,2,11.0,0.94879334357364,-10.05120665642636,10.05120665642636,evaluated
2,2021-07-26 19:30:00,2021-07-26 19:30:00,1,2.0,0.6596877429023738,-1.3403122570976262,1.3403122570976262,evaluated
2,2021-07-27 08:15:00,2021-07-27 09:00:00,4,32.0,8.217201729675812,-23.782798270324186,23.782798270324186,evaluated
2,2021-07-27 09:45:00,2021-07-27 10:00:00,2,17.0,6.701983299741863,-10.298016700258138,10.298016700258138,evaluated
2,2021-07-27 10:30:00,2021-07-27 12:00:00,7,36.0,8.006358926265749,-27.993641073734253,27.993641073734253,evaluated
2,2021-07-27 13:30:00,2021-07-27 15:00:00,7,24.0,18.603521724833904,-5.396478275166096,5.396478275166096,evaluated
2,2021-07-27 15:45:00,2021-07-27 17:00:00,6,26.0,7.234053444259052,-18.765946555740946,18.765946555740946,evaluated
2,2021-07-27 18:00:00,2021-07-27 18:00:00,1,9.0,0.4758244707880665,-8.524175529211934,8.524175529211934,evaluated
2,2021-07-27 19:45:00,2021-07-27 19:45:00,1,5.0,0.9036514596440384,-4.096348540355962,4.096348540355962,evaluated
2,2021-07-28 08:15:00,2021-07-28 10:00:00,8,29.0,7.11777702868151,-21.88222297131849,21.88222297131849,evaluated
2,2021-07-28 10:30:00,2021-07-28 12:00:00,7,37.0,7.309559585255,-29.690440414744998,29.690440414744998,evaluated
2,2021-07-28 13:15:00,2021-07-28 15:00:00,8,28.0,15.256252529770698,-12.743747470229302,12.743747470229302,evaluated
2,2021-07-28 15:45:00,2021-07-28 16:30:00,4,12.0,6.133899846855579,-5.866100153144421,5.866100153144421,evaluated
2,2021-07-28 18:00:00,2021-07-28 19:00:00,5,15.0,3.439348379467563,-11.560651620532436,11.560651620532436,evaluated
2,2021-07-29 08:30:00,2021-07-29 10:00:00,7,30.0,7.223210714262905,-22.776789285737095,22.776789285737095,evaluated
2,2021-07-29 10:30:00,2021-07-29 12:00:00,7,36.0,6.817860495327079,-29.18213950467292,29.18213950467292,evaluated
2,2021-07-29 13:30:00,2021-07-29 14:00:00,3,31.0,13.676952938338273,-17.323047061661725,17.323047061661725,evaluated
2,2021-07-29 14:30:00,2021-07-29 15:00:00,3,26.0,6.446115160492727,-19.553884839507273,19.553884839507273,evaluated
2,2021-07-29 15:45:00,2021-07-29 16:00:00,2,11.0,5.681205752120095,-5.318794247879905,5.318794247879905,evaluated
2,2021-07-29 18:45:00,2021-07-29 19:00:00,2,5.0,1.338049665968717,-3.6619503340312827,3.6619503340312827,evaluated
2,2021-07-29 19:45:00,2021-07-29 19:45:00,1,6.0,0.6806191182751694,-5.319380881724831,5.319380881724831,evaluated
2,2021-07-30 08:15:00,2021-07-30 10:00:00,8,29.0,8.391691347423768,-20.608308652576234,20.608308652576234,evaluated
2,2021-07-30 10:30:00,2021-07-30 12:00:00,7,37.0,6.696396326040484,-30.303603673959515,30.303603673959515,evaluated
2,2021-07-30 13:15:00,2021-07-30 15:00:00,8,28.0,13.685958718424326,-14.314041281575674,14.314041281575674,evaluated
2,2021-07-30 15:45:00,2021-07-30 16:30:00,4,12.0,6.078031842870816,-5.921968157129184,5.921968157129184,evaluated
2,2021-07-30 18:00:00,2021-07-30 19:00:00,5,15.0,3.9252991165933504,-11.07470088340665,11.07470088340665,evaluated
2,2021-08-09 08:30:00,2021-08-09 09:30:00,5,40.0,0.8106040868589739,-39.18939591314103,39.18939591314103,evaluated
