horizon,fold,tau_quantile,tau,n_fit,n_stop,n_cal,n_score,fit_end,stop_end,cal_end,score_start,score_end,reference_only,selection_used
1,0,0.95,177.0,5617,1405,1480,2750,2021-03-15 12:00:00,2021-03-30 03:30:00,2021-04-14 13:45:00,2021-04-14 14:15:00,2021-05-13 05:30:00,True,False
1,0,0.9,168.0,5617,1405,1480,2750,2021-03-15 12:00:00,2021-03-30 03:30:00,2021-04-14 13:45:00,2021-04-14 14:15:00,2021-05-13 05:30:00,True,False
1,0,0.975,182.0,5617,1405,1480,2750,2021-03-15 12:00:00,2021-03-30 03:30:00,2021-04-14 13:45:00,2021-04-14 14:15:00,2021-05-13 05:30:00,True,False
1,1,0.95,177.0,9002,2251,1480,2750,2021-04-19 18:15:00,2021-05-13 05:15:00,2021-05-28 15:30:00,2021-05-28 16:00:00,2021-06-26 07:15:00,True,False
1,1,0.9,169.0,9002,2251,1480,2750,2021-04-19 18:15:00,2021-05-13 05:15:00,2021-05-28 15:30:00,2021-05-28 16:00:00,2021-06-26 07:15:00,True,False
1,1,0.975,182.0,9002,2251,1480,2750,2021-04-19 18:15:00,2021-05-13 05:15:00,2021-05-28 15:30:00,2021-05-28 16:00:00,2021-06-26 07:15:00,True,False
1,2,0.95,175.0,12387,3097,1111,2064,2021-05-25 00:30:00,2021-06-26 07:00:00,2021-07-07 21:00:00,2021-07-07 21:30:00,2021-08-09 09:15:00,True,False
1,2,0.9,167.0,12387,3097,1111,2064,2021-05-25 00:30:00,2021-06-26 07:00:00,2021-07-07 21:00:00,2021-07-07 21:30:00,2021-08-09 09:15:00,True,False
1,2,0.975,181.0,12387,3097,1111,2064,2021-05-25 00:30:00,2021-06-26 07:00:00,2021-07-07 21:00:00,2021-07-07 21:30:00,2021-08-09 09:15:00,True,False
4,0,0.95,176.5,5612,1404,1480,2746,2021-03-15 10:45:00,2021-03-30 02:45:00,2021-04-14 13:45:00,2021-04-14 15:00:00,2021-05-13 05:15:00,True,False
4,0,0.9,168.0,5612,1404,1480,2746,2021-03-15 10:45:00,2021-03-30 02:45:00,2021-04-14 13:45:00,2021-04-14 15:00:00,2021-05-13 05:15:00,True,False
4,0,0.975,182.0,5612,1404,1480,2746,2021-03-15 10:45:00,2021-03-30 02:45:00,2021-04-14 13:45:00,2021-04-14 15:00:00,2021-05-13 05:15:00,True,False
4,1,0.95,177.0,8996,2250,1480,2746,2021-04-19 16:45:00,2021-05-13 04:15:00,2021-05-28 15:15:00,2021-05-28 16:30:00,2021-06-26 06:45:00,True,False
4,1,0.9,169.0,8996,2250,1480,2746,2021-04-19 16:45:00,2021-05-13 04:15:00,2021-05-28 15:15:00,2021-05-28 16:30:00,2021-06-26 06:45:00,True,False
4,1,0.975,182.0,8996,2250,1480,2746,2021-04-19 16:45:00,2021-05-13 04:15:00,2021-05-28 15:15:00,2021-05-28 16:30:00,2021-06-26 06:45:00,True,False
4,2,0.95,175.0,12380,3096,1110,2059,2021-05-24 22:45:00,2021-06-26 05:45:00,2021-07-07 20:15:00,2021-07-07 21:30:00,2021-08-09 08:30:00,True,False
4,2,0.9,167.0,12380,3096,1110,2059,2021-05-24 22:45:00,2021-06-26 05:45:00,2021-07-07 20:15:00,2021-07-07 21:30:00,2021-08-09 08:30:00,True,False
4,2,0.975,181.0,12380,3096,1110,2059,2021-05-24 22:45:00,2021-06-26 05:45:00,2021-07-07 20:15:00,2021-07-07 21:30:00,2021-08-09 08:30:00,True,False
16,0,0.95,176.0,5590,1402,1479,2731,2021-03-15 05:15:00,2021-03-29 23:45:00,2021-04-14 13:30:00,2021-04-14 17:45:00,2021-05-13 04:15:00,True,False
16,0,0.9,168.0,5590,1402,1479,2731,2021-03-15 05:15:00,2021-03-29 23:45:00,2021-04-14 13:30:00,2021-04-14 17:45:00,2021-05-13 04:15:00,True,False
16,0,0.975,182.0,5590,1402,1479,2731,2021-03-15 05:15:00,2021-03-29 23:45:00,2021-04-14 13:30:00,2021-04-14 17:45:00,2021-05-13 04:15:00,True,False
16,1,0.95,177.0,8971,2247,1479,2731,2021-04-19 10:30:00,2021-05-13 00:15:00,2021-05-28 14:00:00,2021-05-28 18:15:00,2021-06-26 04:45:00,True,False
16,1,0.9,169.0,8971,2247,1479,2731,2021-04-19 10:30:00,2021-05-13 00:15:00,2021-05-28 14:00:00,2021-05-28 18:15:00,2021-06-26 04:45:00,True,False
16,1,0.975,182.0,8971,2247,1479,2731,2021-04-19 10:30:00,2021-05-13 00:15:00,2021-05-28 14:00:00,2021-05-28 18:15:00,2021-06-26 04:45:00,True,False
16,2,0.95,175.0,12352,3092,1104,2036,2021-05-24 15:45:00,2021-06-26 00:45:00,2021-07-07 16:45:00,2021-07-07 21:00:00,2021-08-09 05:30:00,True,False
16,2,0.9,167.0,12352,3092,1104,2036,2021-05-24 15:45:00,2021-06-26 00:45:00,2021-07-07 16:45:00,2021-07-07 21:00:00,2021-08-09 05:30:00,True,False
16,2,0.975,181.0,12352,3092,1104,2036,2021-05-24 15:45:00,2021-06-26 00:45:00,2021-07-07 16:45:00,2021-07-07 21:00:00,2021-08-09 05:30:00,True,False
96,0,0.95,176.0,5446,1386,1469,2634,2021-03-13 17:15:00,2021-03-29 03:45:00,2021-04-14 11:00:00,2021-04-15 11:15:00,2021-05-12 21:30:00,True,False
96,0,0.9,167.0,5446,1386,1469,2634,2021-03-13 17:15:00,2021-03-29 03:45:00,2021-04-14 11:00:00,2021-04-15 11:15:00,2021-05-12 21:30:00,True,False
96,0,0.975,181.0,5446,1386,1469,2634,2021-03-13 17:15:00,2021-03-29 03:45:00,2021-04-14 11:00:00,2021-04-15 11:15:00,2021-05-12 21:30:00,True,False
96,1,0.95,177.0,8805,2226,1470,2634,2021-04-17 17:00:00,2021-05-11 21:30:00,2021-05-28 05:00:00,2021-05-29 05:15:00,2021-06-25 15:30:00,True,False
96,1,0.9,169.0,8805,2226,1470,2634,2021-04-17 17:00:00,2021-05-11 21:30:00,2021-05-28 05:00:00,2021-05-29 05:15:00,2021-06-25 15:30:00,True,False
96,1,0.975,182.0,8805,2226,1470,2634,2021-04-17 17:00:00,2021-05-11 21:30:00,2021-05-28 05:00:00,2021-05-29 05:15:00,2021-06-25 15:30:00,True,False
96,2,0.95,175.0,12165,3066,1067,1887,2021-05-22 17:00:00,2021-06-24 15:30:00,2021-07-06 18:15:00,2021-07-07 18:30:00,2021-08-08 09:30:00,True,False
96,2,0.9,167.0,12165,3066,1067,1887,2021-05-22 17:00:00,2021-06-24 15:30:00,2021-07-06 18:15:00,2021-07-07 18:30:00,2021-08-08 09:30:00,True,False
96,2,0.975,181.0,12165,3066,1067,1887,2021-05-22 17:00:00,2021-06-24 15:30:00,2021-07-06 18:15:00,2021-07-07 18:30:00,2021-08-08 09:30:00,True,False
