origin,source_hour,destination_hour,status,production
2021-04-14 15:00:00,2021-04-14 15:00:00,,no_future_low_band_window,960
2021-04-14 15:15:00,2021-04-14 16:00:00,,no_future_low_band_window,2275
2021-04-15 07:15:00,2021-04-15 08:00:00,,no_future_low_band_window,766
2021-04-15 08:15:00,2021-04-15 09:00:00,,no_future_low_band_window,1672
2021-04-15 09:30:00,2021-04-15 10:00:00,,no_future_low_band_window,492
2021-04-15 10:15:00,2021-04-15 11:00:00,,no_future_low_band_window,1021
2021-04-15 12:15:00,2021-04-15 13:00:00,,no_future_low_band_window,1022
2021-04-15 13:30:00,2021-04-15 14:00:00,,no_future_low_band_window,1613
2021-04-15 14:30:00,2021-04-15 15:00:00,,no_future_low_band_window,662
2021-04-15 15:15:00,2021-04-15 16:00:00,,no_future_low_band_window,1543
2021-04-16 07:15:00,2021-04-16 08:00:00,,no_future_low_band_window,459
2021-04-16 08:15:00,2021-04-16 09:00:00,,no_future_low_band_window,780
2021-04-16 09:30:00,2021-04-16 10:00:00,,no_future_low_band_window,961
2021-04-16 10:15:00,2021-04-16 11:00:00,,no_future_low_band_window,3628
2021-04-16 12:15:00,2021-04-16 13:00:00,,no_future_low_band_window,1657
2021-04-16 13:30:00,2021-04-16 14:00:00,,no_future_low_band_window,1804
2021-04-16 14:30:00,2021-04-16 15:00:00,,no_future_low_band_window,621
2021-04-16 15:15:00,2021-04-16 16:00:00,,no_future_low_band_window,1025
2021-04-19 07:30:00,2021-04-19 08:00:00,,no_future_low_band_window,1040
2021-04-19 08:15:00,2021-04-19 09:00:00,,no_future_low_band_window,854
2021-04-19 09:30:00,2021-04-19 10:00:00,,no_future_low_band_window,913
2021-04-19 10:15:00,2021-04-19 11:00:00,,no_future_low_band_window,1984
2021-04-19 12:15:00,2021-04-19 13:00:00,,no_future_low_band_window,718
2021-04-19 13:15:00,2021-04-19 14:00:00,,no_future_low_band_window,4151
2021-04-19 14:30:00,2021-04-19 15:00:00,,no_future_low_band_window,1195
2021-04-19 15:30:00,2021-04-19 16:00:00,,no_future_low_band_window,1100
2021-04-19 18:00:00,2021-04-19 18:00:00,,no_future_low_band_window,444
2021-04-19 18:15:00,2021-04-19 19:00:00,,no_future_low_band_window,1383
2021-04-20 08:00:00,2021-04-20 08:00:00,,no_future_low_band_window,69
2021-04-20 08:15:00,2021-04-20 09:00:00,,no_future_low_band_window,426
2021-04-20 09:30:00,2021-04-20 10:00:00,,no_future_low_band_window,1218
2021-04-20 10:15:00,2021-04-20 11:00:00,,no_future_low_band_window,862
2021-04-20 12:15:00,2021-04-20 13:00:00,,no_future_low_band_window,1455
2021-04-20 13:15:00,2021-04-20 14:00:00,,no_future_low_band_window,1351
2021-04-20 14:30:00,2021-04-20 15:00:00,,no_future_low_band_window,1183
2021-04-20 18:00:00,2021-04-20 18:00:00,,no_future_low_band_window,514
2021-04-21 07:15:00,2021-04-21 08:00:00,,no_future_low_band_window,724
2021-04-21 08:15:00,2021-04-21 09:00:00,,no_future_low_band_window,638
2021-04-21 09:30:00,2021-04-21 10:00:00,,no_future_low_band_window,1219
2021-04-21 10:30:00,2021-04-21 11:00:00,,no_future_low_band_window,1473
2021-04-21 12:15:00,2021-04-21 13:00:00,,no_future_low_band_window,1402
2021-04-21 14:45:00,2021-04-21 15:00:00,,no_future_low_band_window,856
2021-04-22 07:15:00,2021-04-22 08:00:00,,no_future_low_band_window,728
2021-04-22 08:15:00,2021-04-22 09:00:00,,no_future_low_band_window,712
2021-04-22 09:30:00,2021-04-22 10:00:00,,no_future_low_band_window,1196
2021-04-22 10:30:00,2021-04-22 11:00:00,,no_future_low_band_window,1131
2021-04-22 12:15:00,2021-04-22 13:00:00,,no_future_low_band_window,1674
2021-04-22 14:45:00,2021-04-22 15:00:00,,no_future_low_band_window,1086
2021-04-23 07:15:00,2021-04-23 08:00:00,,no_future_low_band_window,572
2021-04-23 08:15:00,2021-04-23 09:00:00,,no_future_low_band_window,1287
2021-04-23 09:30:00,2021-04-23 10:00:00,,no_future_low_band_window,172
2021-04-23 10:15:00,2021-04-23 11:00:00,,no_future_low_band_window,1538
2021-04-23 12:15:00,2021-04-23 13:00:00,,no_future_low_band_window,743
2021-04-23 14:45:00,2021-04-23 15:00:00,,no_future_low_band_window,2170
2021-04-26 07:15:00,2021-04-26 08:00:00,,no_future_low_band_window,574
2021-04-26 08:15:00,2021-04-26 09:00:00,,no_future_low_band_window,1038
2021-04-26 09:30:00,2021-04-26 10:00:00,,no_future_low_band_window,363
2021-04-26 10:15:00,2021-04-26 11:00:00,,no_future_low_band_window,944
2021-04-26 12:15:00,2021-04-26 13:00:00,,no_future_low_band_window,2265
2021-04-26 13:15:00,2021-04-26 14:00:00,,no_future_low_band_window,812
2021-04-26 14:30:00,2021-04-26 15:00:00,,no_future_low_band_window,363
2021-04-27 07:15:00,2021-04-27 08:00:00,,no_future_low_band_window,999
2021-04-27 08:15:00,2021-04-27 09:00:00,,no_future_low_band_window,685
2021-04-27 09:30:00,2021-04-27 10:00:00,,no_future_low_band_window,1554
2021-04-27 10:15:00,2021-04-27 11:00:00,,no_future_low_band_window,1472
2021-04-27 12:30:00,2021-04-27 13:00:00,,no_future_low_band_window,1488
2021-04-27 13:45:00,2021-04-27 14:00:00,,no_future_low_band_window,6290
2021-04-27 14:30:00,2021-04-27 15:00:00,,no_future_low_band_window,888
2021-04-28 07:15:00,2021-04-28 08:00:00,,no_future_low_band_window,247
2021-04-28 08:15:00,2021-04-28 09:00:00,,no_future_low_band_window,1636
2021-04-28 09:30:00,2021-04-28 10:00:00,,no_future_low_band_window,461
2021-04-28 10:15:00,2021-04-28 11:00:00,,no_future_low_band_window,1180
2021-04-28 12:45:00,2021-04-28 13:00:00,,no_future_low_band_window,2313
2021-04-28 13:30:00,2021-04-28 14:00:00,,no_future_low_band_window,3149
2021-04-28 14:45:00,2021-04-28 15:00:00,,no_future_low_band_window,940
2021-04-28 18:00:00,2021-04-28 18:00:00,,no_future_low_band_window,918
2021-04-28 18:15:00,2021-04-28 19:00:00,,no_future_low_band_window,433
2021-04-29 07:15:00,2021-04-29 08:00:00,,no_future_low_band_window,862
2021-04-29 08:15:00,2021-04-29 09:00:00,,no_future_low_band_window,853
2021-04-29 09:30:00,2021-04-29 10:00:00,,no_future_low_band_window,2052
2021-04-29 10:15:00,2021-04-29 11:00:00,,no_future_low_band_window,1646
2021-04-29 12:45:00,2021-04-29 13:00:00,,no_future_low_band_window,692
2021-04-29 13:45:00,2021-04-29 14:00:00,,no_future_low_band_window,904
2021-04-29 14:45:00,2021-04-29 15:00:00,,no_future_low_band_window,2121
2021-04-29 18:00:00,2021-04-29 18:00:00,,no_future_low_band_window,1467
2021-04-29 18:15:00,2021-04-29 19:00:00,,no_future_low_band_window,1831
2021-04-30 07:15:00,2021-04-30 08:00:00,,no_future_low_band_window,1201
2021-04-30 08:15:00,2021-04-30 09:00:00,,no_future_low_band_window,709
2021-04-30 09:30:00,2021-04-30 10:00:00,,no_future_low_band_window,566
2021-04-30 10:15:00,2021-04-30 11:00:00,,no_future_low_band_window,867
2021-04-30 12:45:00,2021-04-30 13:00:00,,no_future_low_band_window,1732
2021-05-03 07:30:00,2021-05-03 08:00:00,,no_future_low_band_window,784
2021-05-03 08:15:00,2021-05-03 09:00:00,,no_future_low_band_window,1137
2021-05-03 09:30:00,2021-05-03 10:00:00,,no_future_low_band_window,65
2021-05-03 10:15:00,2021-05-03 11:00:00,,no_future_low_band_window,1572
2021-05-03 12:15:00,2021-05-03 13:00:00,,no_future_low_band_window,505
2021-05-03 13:15:00,2021-05-03 14:00:00,,no_future_low_band_window,2280
2021-05-03 14:30:00,2021-05-03 15:00:00,,no_future_low_band_window,1826
2021-05-03 15:15:00,2021-05-03 16:00:00,,no_future_low_band_window,1667
2021-05-04 07:15:00,2021-05-04 08:00:00,,no_future_low_band_window,473
2021-05-04 08:15:00,2021-05-04 09:00:00,,no_future_low_band_window,2501
2021-05-04 09:30:00,2021-05-04 10:00:00,,no_future_low_band_window,701
2021-05-04 10:15:00,2021-05-04 11:00:00,,no_future_low_band_window,941
2021-05-04 12:15:00,2021-05-04 13:00:00,,no_future_low_band_window,1749
2021-05-04 13:30:00,2021-05-04 14:00:00,,no_future_low_band_window,658
2021-05-04 14:30:00,2021-05-04 15:00:00,,no_future_low_band_window,1093
2021-05-04 15:15:00,2021-05-04 16:00:00,,no_future_low_band_window,716
2021-05-06 07:30:00,2021-05-06 08:00:00,,no_future_low_band_window,424
2021-05-06 08:15:00,2021-05-06 09:00:00,,no_future_low_band_window,1929
2021-05-06 09:30:00,2021-05-06 10:00:00,,no_future_low_band_window,1556
2021-05-06 10:15:00,2021-05-06 11:00:00,,no_future_low_band_window,2460
2021-05-06 12:15:00,2021-05-06 13:00:00,,no_future_low_band_window,2044
2021-05-06 13:15:00,2021-05-06 14:00:00,,no_future_low_band_window,801
2021-05-06 14:30:00,2021-05-06 15:00:00,,no_future_low_band_window,4734
2021-05-06 15:15:00,2021-05-06 16:00:00,,no_future_low_band_window,2564
2021-05-06 17:00:00,2021-05-06 17:00:00,,no_future_low_band_window,601
2021-05-06 17:15:00,2021-05-06 18:00:00,,no_future_low_band_window,1600
2021-05-07 07:15:00,2021-05-07 08:00:00,,no_future_low_band_window,321
2021-05-07 08:15:00,2021-05-07 09:00:00,,no_future_low_band_window,755
2021-05-07 09:30:00,2021-05-07 10:00:00,,no_future_low_band_window,1314
2021-05-07 10:15:00,2021-05-07 11:00:00,,no_future_low_band_window,2392
2021-05-07 12:30:00,2021-05-07 13:00:00,,no_future_low_band_window,1477
2021-05-07 13:30:00,2021-05-07 14:00:00,,no_future_low_band_window,1029
2021-05-07 14:30:00,2021-05-07 15:00:00,,no_future_low_band_window,1328
2021-05-10 07:45:00,2021-05-10 08:00:00,,no_future_low_band_window,837
2021-05-10 08:15:00,2021-05-10 09:00:00,,no_future_low_band_window,998
2021-05-10 09:30:00,2021-05-10 10:00:00,,no_future_low_band_window,628
2021-05-10 10:15:00,2021-05-10 11:00:00,,no_future_low_band_window,1491
2021-05-10 12:15:00,2021-05-10 13:00:00,,no_future_low_band_window,919
2021-05-10 13:45:00,2021-05-10 14:00:00,,no_future_low_band_window,1816
2021-05-11 07:15:00,2021-05-11 08:00:00,,no_future_low_band_window,637
2021-05-11 08:15:00,2021-05-11 09:00:00,,no_future_low_band_window,1542
2021-05-11 09:30:00,2021-05-11 10:00:00,,no_future_low_band_window,1472
2021-05-11 10:15:00,2021-05-11 11:00:00,,no_future_low_band_window,1484
2021-05-11 12:15:00,2021-05-11 13:00:00,,no_future_low_band_window,2483
2021-05-11 13:45:00,2021-05-11 14:00:00,,no_future_low_band_window,3081
2021-05-11 14:30:00,2021-05-11 15:00:00,,no_future_low_band_window,807
2021-05-12 07:45:00,2021-05-12 08:00:00,,no_future_low_band_window,691
2021-05-12 08:15:00,2021-05-12 09:00:00,,no_future_low_band_window,716
2021-05-12 09:30:00,2021-05-12 10:00:00,,no_future_low_band_window,941
2021-05-12 10:15:00,2021-05-12 11:00:00,,no_future_low_band_window,952
2021-05-12 12:15:00,2021-05-12 13:00:00,,no_future_low_band_window,1820
2021-05-12 13:45:00,2021-05-12 14:00:00,,no_future_low_band_window,1492
2021-05-12 14:45:00,2021-05-12 15:00:00,,no_future_low_band_window,1155
2021-05-31 07:30:00,2021-05-31 08:00:00,,no_future_low_band_window,697
2021-05-31 08:15:00,2021-05-31 09:00:00,,no_future_low_band_window,901
2021-05-31 10:45:00,2021-05-31 11:00:00,,no_future_low_band_window,1278
2021-05-31 12:15:00,2021-05-31 13:00:00,,no_future_low_band_window,647
2021-05-31 13:30:00,2021-05-31 14:00:00,,no_future_low_band_window,806
2021-06-01 07:30:00,2021-06-01 08:00:00,,no_future_low_band_window,1518
2021-06-01 08:15:00,2021-06-01 09:00:00,,no_future_low_band_window,966
2021-06-01 09:30:00,2021-06-01 10:00:00,,no_future_low_band_window,715
2021-06-01 10:15:00,2021-06-01 11:00:00,,no_future_low_band_window,330
2021-06-01 12:15:00,2021-06-01 13:00:00,,no_future_low_band_window,476
2021-06-01 13:15:00,2021-06-01 14:00:00,,no_future_low_band_window,2349
2021-06-01 14:45:00,2021-06-01 15:00:00,,no_future_low_band_window,1584
2021-06-02 07:15:00,2021-06-02 08:00:00,,no_future_low_band_window,338
2021-06-02 08:15:00,2021-06-02 09:00:00,,no_future_low_band_window,1944
2021-06-02 09:30:00,2021-06-02 10:00:00,,no_future_low_band_window,764
2021-06-02 10:15:00,2021-06-02 11:00:00,,no_future_low_band_window,2183
2021-06-02 12:15:00,2021-06-02 13:00:00,,no_future_low_band_window,5882
2021-06-02 13:15:00,2021-06-02 14:00:00,,no_future_low_band_window,1072
2021-06-02 14:45:00,2021-06-02 15:00:00,,no_future_low_band_window,822
2021-06-02 15:15:00,2021-06-02 16:00:00,,no_future_low_band_window,2146
2021-06-03 07:15:00,2021-06-03 08:00:00,,no_future_low_band_window,1187
2021-06-03 08:15:00,2021-06-03 09:00:00,,no_future_low_band_window,1096
2021-06-03 09:30:00,2021-06-03 10:00:00,,no_future_low_band_window,956
2021-06-03 10:15:00,2021-06-03 11:00:00,,no_future_low_band_window,1969
2021-06-03 12:30:00,2021-06-03 13:00:00,,no_future_low_band_window,1064
2021-06-03 14:00:00,2021-06-03 14:00:00,,no_future_low_band_window,2090
2021-06-04 07:30:00,2021-06-04 08:00:00,,no_future_low_band_window,655
2021-06-04 08:15:00,2021-06-04 09:00:00,,no_future_low_band_window,1270
2021-06-04 10:00:00,2021-06-04 10:00:00,,no_future_low_band_window,1286
2021-06-07 07:30:00,2021-06-07 08:00:00,,no_future_low_band_window,876
2021-06-07 08:15:00,2021-06-07 09:00:00,,no_future_low_band_window,490
2021-06-07 09:30:00,2021-06-07 10:00:00,,no_future_low_band_window,1661
2021-06-07 10:15:00,2021-06-07 11:00:00,,no_future_low_band_window,2549
2021-06-07 12:15:00,2021-06-07 13:00:00,,no_future_low_band_window,1242
2021-06-07 13:15:00,2021-06-07 14:00:00,,no_future_low_band_window,1430
2021-06-07 14:45:00,2021-06-07 15:00:00,,no_future_low_band_window,3211
2021-06-07 17:00:00,2021-06-07 17:00:00,,no_future_low_band_window,98
2021-06-08 07:45:00,2021-06-08 08:00:00,,no_future_low_band_window,1348
2021-06-08 08:15:00,2021-06-08 09:00:00,,no_future_low_band_window,2186
2021-06-08 09:30:00,2021-06-08 10:00:00,,no_future_low_band_window,582
2021-06-08 12:30:00,2021-06-08 13:00:00,,no_future_low_band_window,938
2021-06-08 13:45:00,2021-06-08 14:00:00,,no_future_low_band_window,1321
2021-06-08 15:00:00,2021-06-08 15:00:00,,no_future_low_band_window,1058
2021-06-09 07:45:00,2021-06-09 08:00:00,,no_future_low_band_window,648
2021-06-09 08:15:00,2021-06-09 09:00:00,,no_future_low_band_window,1219
2021-06-09 09:30:00,2021-06-09 10:00:00,,no_future_low_band_window,5042
2021-06-09 10:15:00,2021-06-09 11:00:00,,no_future_low_band_window,777
2021-06-09 12:15:00,2021-06-09 13:00:00,,no_future_low_band_window,1455
2021-06-09 13:15:00,2021-06-09 14:00:00,,no_future_low_band_window,567
2021-06-09 14:30:00,2021-06-09 15:00:00,,no_future_low_band_window,733
2021-06-10 07:45:00,2021-06-10 08:00:00,,no_future_low_band_window,493
2021-06-10 08:15:00,2021-06-10 09:00:00,,no_future_low_band_window,32
2021-06-10 09:30:00,2021-06-10 10:00:00,,no_future_low_band_window,2032
2021-06-10 10:15:00,2021-06-10 11:00:00,,no_future_low_band_window,829
2021-06-10 13:00:00,2021-06-10 13:00:00,,no_future_low_band_window,1013
2021-06-10 13:15:00,2021-06-10 14:00:00,,no_future_low_band_window,481
2021-06-11 07:30:00,2021-06-11 08:00:00,,no_future_low_band_window,497
2021-06-11 08:15:00,2021-06-11 09:00:00,,no_future_low_band_window,569
2021-06-11 09:30:00,2021-06-11 10:00:00,,no_future_low_band_window,921
2021-06-11 10:45:00,2021-06-11 11:00:00,,no_future_low_band_window,3102
2021-06-11 12:30:00,2021-06-11 13:00:00,,no_future_low_band_window,1017
2021-06-14 07:30:00,2021-06-14 08:00:00,,no_future_low_band_window,218
2021-06-14 08:15:00,2021-06-14 09:00:00,,no_future_low_band_window,701
2021-06-14 09:30:00,2021-06-14 10:00:00,,no_future_low_band_window,434
2021-06-14 10:15:00,2021-06-14 11:00:00,,no_future_low_band_window,1351
2021-06-14 12:15:00,2021-06-14 13:00:00,,no_future_low_band_window,2839
2021-06-14 13:15:00,2021-06-14 14:00:00,,no_future_low_band_window,984
2021-06-14 14:30:00,2021-06-14 15:00:00,,no_future_low_band_window,960
2021-06-14 15:15:00,2021-06-14 16:00:00,,no_future_low_band_window,744
2021-06-14 17:00:00,2021-06-14 17:00:00,,no_future_low_band_window,1417
2021-06-14 17:15:00,2021-06-14 18:00:00,,no_future_low_band_window,829
2021-06-15 07:15:00,2021-06-15 08:00:00,,no_future_low_band_window,2120
2021-06-15 08:15:00,2021-06-15 09:00:00,,no_future_low_band_window,1455
2021-06-15 09:30:00,2021-06-15 10:00:00,,no_future_low_band_window,1189
2021-06-15 10:15:00,2021-06-15 11:00:00,,no_future_low_band_window,1370
2021-06-15 12:15:00,2021-06-15 13:00:00,,no_future_low_band_window,2845
2021-06-15 13:15:00,2021-06-15 14:00:00,,no_future_low_band_window,923
2021-06-15 14:30:00,2021-06-15 15:00:00,,no_future_low_band_window,994
2021-06-15 15:15:00,2021-06-15 16:00:00,,no_future_low_band_window,3214
2021-06-15 17:00:00,2021-06-15 17:00:00,,no_future_low_band_window,602
2021-06-15 17:30:00,2021-06-15 18:00:00,,no_future_low_band_window,2017
2021-06-16 07:15:00,2021-06-16 08:00:00,,no_future_low_band_window,1140
2021-06-16 08:15:00,2021-06-16 09:00:00,,no_future_low_band_window,1405
2021-06-16 09:30:00,2021-06-16 10:00:00,,no_future_low_band_window,873
2021-06-16 10:15:00,2021-06-16 11:00:00,,no_future_low_band_window,376
2021-06-16 12:15:00,2021-06-16 13:00:00,,no_future_low_band_window,908
2021-06-16 13:15:00,2021-06-16 14:00:00,,no_future_low_band_window,2028
2021-06-16 14:30:00,2021-06-16 15:00:00,,no_future_low_band_window,1068
2021-06-16 15:15:00,2021-06-16 16:00:00,,no_future_low_band_window,1631
2021-06-16 17:00:00,2021-06-16 17:00:00,,no_future_low_band_window,69
2021-06-16 17:15:00,2021-06-16 18:00:00,,no_future_low_band_window,914
2021-06-17 07:15:00,2021-06-17 08:00:00,,no_future_low_band_window,1191
2021-06-17 08:15:00,2021-06-17 09:00:00,,no_future_low_band_window,987
2021-06-17 09:30:00,2021-06-17 10:00:00,,no_future_low_band_window,711
2021-06-17 10:15:00,2021-06-17 11:00:00,,no_future_low_band_window,3403
2021-06-17 12:15:00,2021-06-17 13:00:00,,no_future_low_band_window,1735
2021-06-17 13:15:00,2021-06-17 14:00:00,,no_future_low_band_window,802
2021-06-17 14:30:00,2021-06-17 15:00:00,,no_future_low_band_window,1135
2021-06-17 15:15:00,2021-06-17 16:00:00,,no_future_low_band_window,358
2021-06-17 16:45:00,2021-06-17 17:00:00,,no_future_low_band_window,991
2021-06-17 17:30:00,2021-06-17 18:00:00,,no_future_low_band_window,1558
2021-06-18 07:15:00,2021-06-18 08:00:00,,no_future_low_band_window,470
2021-06-18 08:15:00,2021-06-18 09:00:00,,no_future_low_band_window,680
2021-06-18 09:30:00,2021-06-18 10:00:00,,no_future_low_band_window,771
2021-06-18 10:15:00,2021-06-18 11:00:00,,no_future_low_band_window,982
2021-06-18 12:15:00,2021-06-18 13:00:00,,no_future_low_band_window,2310
2021-06-18 13:15:00,2021-06-18 14:00:00,,no_future_low_band_window,1500
2021-06-18 14:30:00,2021-06-18 15:00:00,,no_future_low_band_window,805
2021-06-18 15:45:00,2021-06-18 16:00:00,,no_future_low_band_window,1065
2021-06-21 07:15:00,2021-06-21 08:00:00,,no_future_low_band_window,180
2021-06-21 08:15:00,2021-06-21 09:00:00,,no_future_low_band_window,1350
2021-06-21 09:15:00,2021-06-21 10:00:00,,no_future_low_band_window,1175
2021-06-21 10:15:00,2021-06-21 11:00:00,,no_future_low_band_window,2287
2021-06-21 12:15:00,2021-06-21 13:00:00,,no_future_low_band_window,642
2021-06-21 13:15:00,2021-06-21 14:00:00,,no_future_low_band_window,1038
2021-06-21 14:30:00,2021-06-21 15:00:00,,no_future_low_band_window,1258
2021-06-21 15:15:00,2021-06-21 16:00:00,,no_future_low_band_window,955
2021-06-21 16:45:00,2021-06-21 17:00:00,,no_future_low_band_window,1810
2021-06-21 17:15:00,2021-06-21 18:00:00,,no_future_low_band_window,2438
2021-06-22 07:15:00,2021-06-22 08:00:00,,no_future_low_band_window,433
2021-06-22 08:15:00,2021-06-22 09:00:00,,no_future_low_band_window,4451
2021-06-22 09:30:00,2021-06-22 10:00:00,,no_future_low_band_window,1033
2021-06-22 10:15:00,2021-06-22 11:00:00,,no_future_low_band_window,1559
2021-06-22 12:15:00,2021-06-22 13:00:00,,no_future_low_band_window,628
2021-06-22 13:15:00,2021-06-22 14:00:00,,no_future_low_band_window,1159
2021-06-22 14:30:00,2021-06-22 15:00:00,,no_future_low_band_window,953
2021-06-23 07:15:00,2021-06-23 08:00:00,,no_future_low_band_window,898
2021-06-23 08:15:00,2021-06-23 09:00:00,,no_future_low_band_window,1005
2021-06-23 09:30:00,2021-06-23 10:00:00,,no_future_low_band_window,4520
2021-06-23 10:30:00,2021-06-23 11:00:00,,no_future_low_band_window,1185
2021-06-24 07:15:00,2021-06-24 08:00:00,,no_future_low_band_window,429
2021-06-24 08:15:00,2021-06-24 09:00:00,,no_future_low_band_window,902
2021-06-24 09:30:00,2021-06-24 10:00:00,,no_future_low_band_window,2375
2021-06-24 10:15:00,2021-06-24 11:00:00,,no_future_low_band_window,2152
2021-06-24 12:30:00,2021-06-24 13:00:00,,no_future_low_band_window,814
2021-06-24 13:45:00,2021-06-24 14:00:00,,no_future_low_band_window,1221
2021-06-24 14:30:00,2021-06-24 15:00:00,,no_future_low_band_window,2131
2021-06-24 15:45:00,2021-06-24 16:00:00,,no_future_low_band_window,959
2021-06-24 17:00:00,2021-06-24 17:00:00,,no_future_low_band_window,232
2021-06-25 07:00:00,2021-06-25 07:00:00,,no_future_low_band_window,1336
2021-06-25 07:15:00,2021-06-25 08:00:00,,no_future_low_band_window,1077
2021-06-25 08:15:00,2021-06-25 09:00:00,,no_future_low_band_window,620
2021-06-25 09:30:00,2021-06-25 10:00:00,,no_future_low_band_window,1426
2021-06-25 10:15:00,2021-06-25 11:00:00,,no_future_low_band_window,1382
2021-06-25 12:15:00,2021-06-25 13:00:00,,no_future_low_band_window,1234
2021-06-25 13:15:00,2021-06-25 14:00:00,,no_future_low_band_window,705
2021-06-25 14:30:00,2021-06-25 15:00:00,,no_future_low_band_window,414
2021-06-25 15:15:00,2021-06-25 16:00:00,,no_future_low_band_window,790
2021-06-25 17:00:00,2021-06-25 17:00:00,,no_future_low_band_window,758
2021-06-25 17:15:00,2021-06-25 18:00:00,,no_future_low_band_window,1300
2021-07-08 07:15:00,2021-07-08 08:00:00,,no_future_low_band_window,560
2021-07-08 08:15:00,2021-07-08 09:00:00,,no_future_low_band_window,516
2021-07-08 09:30:00,2021-07-08 10:00:00,,no_future_low_band_window,112
2021-07-08 10:15:00,2021-07-08 11:00:00,,no_future_low_band_window,562
2021-07-08 12:15:00,2021-07-08 13:00:00,,no_future_low_band_window,2140
2021-07-08 13:15:00,2021-07-08 14:00:00,,no_future_low_band_window,1434
2021-07-08 14:30:00,2021-07-08 15:00:00,,no_future_low_band_window,350
2021-07-08 15:15:00,2021-07-08 16:00:00,,no_future_low_band_window,2282
2021-07-08 17:00:00,2021-07-08 17:00:00,,no_future_low_band_window,86
2021-07-08 17:15:00,2021-07-08 18:00:00,,no_future_low_band_window,3577
2021-07-08 18:15:00,2021-07-08 19:00:00,,no_future_low_band_window,5585
2021-07-09 07:15:00,2021-07-09 08:00:00,,no_future_low_band_window,564
2021-07-09 08:15:00,2021-07-09 09:00:00,,no_future_low_band_window,565
2021-07-09 09:15:00,2021-07-09 10:00:00,,no_future_low_band_window,1753
2021-07-09 10:15:00,2021-07-09 11:00:00,,no_future_low_band_window,1082
2021-07-09 12:15:00,2021-07-09 13:00:00,,no_future_low_band_window,1119
2021-07-09 13:15:00,2021-07-09 14:00:00,,no_future_low_band_window,2229
2021-07-09 14:45:00,2021-07-09 15:00:00,,no_future_low_band_window,774
2021-07-09 15:15:00,2021-07-09 16:00:00,,no_future_low_band_window,1881
2021-07-09 16:45:00,2021-07-09 17:00:00,,no_future_low_band_window,955
2021-07-09 17:15:00,2021-07-09 18:00:00,,no_future_low_band_window,1186
2021-07-09 18:15:00,2021-07-09 19:00:00,,no_future_low_band_window,3718
2021-07-12 07:30:00,2021-07-12 08:00:00,,no_future_low_band_window,522
2021-07-12 08:15:00,2021-07-12 09:00:00,,no_future_low_band_window,498
2021-07-12 09:30:00,2021-07-12 10:00:00,,no_future_low_band_window,1883
2021-07-12 10:15:00,2021-07-12 11:00:00,,no_future_low_band_window,1127
2021-07-12 12:15:00,2021-07-12 13:00:00,,no_future_low_band_window,676
2021-07-12 13:15:00,2021-07-12 14:00:00,,no_future_low_band_window,5121
2021-07-12 14:45:00,2021-07-12 15:00:00,,no_future_low_band_window,1018
2021-07-12 15:15:00,2021-07-12 16:00:00,,no_future_low_band_window,1233
2021-07-12 17:00:00,2021-07-12 17:00:00,,no_future_low_band_window,509
2021-07-12 17:15:00,2021-07-12 18:00:00,,no_future_low_band_window,1047
2021-07-12 18:15:00,2021-07-12 19:00:00,,no_future_low_band_window,2885
2021-07-23 07:00:00,2021-07-23 07:00:00,,no_future_low_band_window,2387
2021-07-23 07:15:00,2021-07-23 08:00:00,,no_future_low_band_window,999
2021-07-23 08:15:00,2021-07-23 09:00:00,,no_future_low_band_window,1838
2021-07-23 09:15:00,2021-07-23 10:00:00,,no_future_low_band_window,1231
2021-07-23 10:15:00,2021-07-23 11:00:00,,no_future_low_band_window,1813
2021-07-23 12:15:00,2021-07-23 13:00:00,,no_future_low_band_window,979
2021-07-23 13:15:00,2021-07-23 14:00:00,,no_future_low_band_window,1335
2021-07-23 14:45:00,2021-07-23 15:00:00,,no_future_low_band_window,923
2021-07-23 15:15:00,2021-07-23 16:00:00,,no_future_low_band_window,6161
2021-07-23 16:45:00,2021-07-23 17:00:00,,no_future_low_band_window,555
2021-07-23 17:15:00,2021-07-23 18:00:00,,no_future_low_band_window,1693
2021-07-23 18:15:00,2021-07-23 19:00:00,,no_future_low_band_window,2039
2021-07-26 07:15:00,2021-07-26 08:00:00,,no_future_low_band_window,805
2021-07-26 08:15:00,2021-07-26 09:00:00,,no_future_low_band_window,1283
2021-07-26 09:15:00,2021-07-26 10:00:00,,no_future_low_band_window,1149
2021-07-26 10:15:00,2021-07-26 11:00:00,,no_future_low_band_window,3069
2021-07-26 12:15:00,2021-07-26 13:00:00,,no_future_low_band_window,1969
2021-07-26 13:15:00,2021-07-26 14:00:00,,no_future_low_band_window,669
2021-07-26 14:45:00,2021-07-26 15:00:00,,no_future_low_band_window,2463
2021-07-26 15:15:00,2021-07-26 16:00:00,,no_future_low_band_window,1238
2021-07-26 16:45:00,2021-07-26 17:00:00,,no_future_low_band_window,6579
2021-07-26 17:15:00,2021-07-26 18:00:00,,no_future_low_band_window,1120
2021-07-26 18:15:00,2021-07-26 19:00:00,,no_future_low_band_window,3479
2021-07-27 07:00:00,2021-07-27 07:00:00,,no_future_low_band_window,1262
2021-07-27 07:15:00,2021-07-27 08:00:00,,no_future_low_band_window,1862
2021-07-27 08:15:00,2021-07-27 09:00:00,,no_future_low_band_window,593
2021-07-27 09:15:00,2021-07-27 10:00:00,,no_future_low_band_window,976
2021-07-27 10:15:00,2021-07-27 11:00:00,,no_future_low_band_window,857
2021-07-27 12:15:00,2021-07-27 13:00:00,,no_future_low_band_window,606
2021-07-27 13:15:00,2021-07-27 14:00:00,,no_future_low_band_window,1654
2021-07-27 14:15:00,2021-07-27 15:00:00,,no_future_low_band_window,1224
2021-07-27 15:15:00,2021-07-27 16:00:00,,no_future_low_band_window,1271
2021-07-27 16:45:00,2021-07-27 17:00:00,,no_future_low_band_window,350
2021-07-27 17:15:00,2021-07-27 18:00:00,,no_future_low_band_window,5796
2021-07-27 18:15:00,2021-07-27 19:00:00,,no_future_low_band_window,3392
2021-07-28 06:45:00,2021-07-28 07:00:00,,no_future_low_band_window,1841
2021-07-28 07:15:00,2021-07-28 08:00:00,,no_future_low_band_window,2013
2021-07-28 08:15:00,2021-07-28 09:00:00,,no_future_low_band_window,2284
2021-07-28 09:15:00,2021-07-28 10:00:00,,no_future_low_band_window,1029
2021-07-28 10:15:00,2021-07-28 11:00:00,,no_future_low_band_window,2429
2021-07-28 12:15:00,2021-07-28 13:00:00,,no_future_low_band_window,1488
2021-07-28 13:15:00,2021-07-28 14:00:00,,no_future_low_band_window,1197
2021-07-28 14:15:00,2021-07-28 15:00:00,,no_future_low_band_window,300
2021-07-28 15:15:00,2021-07-28 16:00:00,,no_future_low_band_window,2747
2021-07-28 16:45:00,2021-07-28 17:00:00,,no_future_low_band_window,682
2021-07-28 17:15:00,2021-07-28 18:00:00,,no_future_low_band_window,1952
2021-07-28 18:15:00,2021-07-28 19:00:00,,no_future_low_band_window,3635
2021-07-29 06:45:00,2021-07-29 07:00:00,,no_future_low_band_window,925
2021-07-29 07:15:00,2021-07-29 08:00:00,,no_future_low_band_window,909
2021-07-29 08:15:00,2021-07-29 09:00:00,,no_future_low_band_window,1181
2021-07-29 09:15:00,2021-07-29 10:00:00,,no_future_low_band_window,884
2021-07-29 10:15:00,2021-07-29 11:00:00,,no_future_low_band_window,1597
2021-07-29 12:15:00,2021-07-29 13:00:00,,no_future_low_band_window,1480
2021-07-29 13:15:00,2021-07-29 14:00:00,,no_future_low_band_window,3092
2021-07-29 14:15:00,2021-07-29 15:00:00,,no_future_low_band_window,2184
2021-07-29 15:15:00,2021-07-29 16:00:00,,no_future_low_band_window,2656
2021-07-29 16:45:00,2021-07-29 17:00:00,,no_future_low_band_window,735
2021-07-29 17:15:00,2021-07-29 18:00:00,,no_future_low_band_window,5687
2021-07-29 18:15:00,2021-07-29 19:00:00,,no_future_low_band_window,2616
2021-07-30 06:45:00,2021-07-30 07:00:00,,no_future_low_band_window,1229
2021-07-30 07:15:00,2021-07-30 08:00:00,,no_future_low_band_window,1134
2021-07-30 08:15:00,2021-07-30 09:00:00,,no_future_low_band_window,2079
2021-07-30 09:15:00,2021-07-30 10:00:00,,no_future_low_band_window,439
2021-07-30 10:15:00,2021-07-30 11:00:00,,no_future_low_band_window,1084
2021-07-30 12:15:00,2021-07-30 13:00:00,,no_future_low_band_window,1769
2021-07-30 13:15:00,2021-07-30 14:00:00,,no_future_low_band_window,1204
2021-07-30 14:15:00,2021-07-30 15:00:00,,no_future_low_band_window,790
2021-07-30 15:15:00,2021-07-30 16:00:00,,no_future_low_band_window,1575
2021-08-09 07:45:00,2021-08-09 08:00:00,,no_future_low_band_window,749
