fold,week_start,slot,eligible_dates,events,rate,selected_fold_slot
0,2021-04-12,0,3,0,0.0,False
0,2021-04-19,0,5,0,0.0,False
0,2021-04-26,0,5,0,0.0,False
0,2021-05-03,0,4,0,0.0,False
0,2021-05-10,0,4,0,0.0,False
0,2021-04-12,1,3,0,0.0,False
0,2021-04-19,1,5,0,0.0,False
0,2021-04-26,1,5,0,0.0,False
0,2021-05-03,1,4,0,0.0,False
0,2021-05-10,1,4,0,0.0,False
0,2021-04-12,2,3,0,0.0,False
0,2021-04-19,2,5,0,0.0,False
0,2021-04-26,2,5,0,0.0,False
0,2021-05-03,2,4,0,0.0,False
0,2021-05-10,2,4,0,0.0,False
0,2021-04-12,3,3,0,0.0,False
0,2021-04-19,3,5,0,0.0,False
0,2021-04-26,3,5,0,0.0,False
0,2021-05-03,3,4,0,0.0,False
0,2021-05-10,3,4,0,0.0,False
0,2021-04-12,4,3,0,0.0,False
0,2021-04-19,4,5,0,0.0,False
0,2021-04-26,4,5,0,0.0,False
0,2021-05-03,4,4,0,0.0,False
0,2021-05-10,4,4,0,0.0,False
0,2021-04-12,5,3,0,0.0,False
0,2021-04-19,5,5,0,0.0,False
0,2021-04-26,5,5,0,0.0,False
0,2021-05-03,5,4,0,0.0,False
0,2021-05-10,5,4,0,0.0,False
0,2021-04-12,6,3,0,0.0,False
0,2021-04-19,6,5,0,0.0,False
0,2021-04-26,6,5,0,0.0,False
0,2021-05-03,6,4,0,0.0,False
0,2021-05-10,6,4,0,0.0,False
0,2021-04-12,7,3,0,0.0,False
0,2021-04-19,7,5,0,0.0,False
0,2021-04-26,7,5,0,0.0,False
0,2021-05-03,7,4,0,0.0,False
0,2021-05-10,7,4,0,0.0,False
0,2021-04-12,8,3,0,0.0,False
0,2021-04-19,8,5,0,0.0,False
0,2021-04-26,8,5,0,0.0,False
0,2021-05-03,8,4,0,0.0,False
0,2021-05-10,8,4,0,0.0,False
0,2021-04-12,9,3,0,0.0,False
0,2021-04-19,9,5,0,0.0,False
0,2021-04-26,9,5,0,0.0,False
0,2021-05-03,9,4,0,0.0,False
0,2021-05-10,9,4,0,0.0,False
0,2021-04-12,10,3,0,0.0,False
0,2021-04-19,10,5,0,0.0,False
0,2021-04-26,10,5,0,0.0,False
0,2021-05-03,10,4,0,0.0,False
0,2021-05-10,10,4,0,0.0,False
0,2021-04-12,11,3,0,0.0,False
0,2021-04-19,11,5,0,0.0,False
0,2021-04-26,11,5,0,0.0,False
0,2021-05-03,11,4,0,0.0,False
0,2021-05-10,11,4,0,0.0,False
0,2021-04-12,12,3,0,0.0,False
0,2021-04-19,12,5,0,0.0,False
0,2021-04-26,12,5,0,0.0,False
0,2021-05-03,12,4,0,0.0,False
0,2021-05-10,12,4,0,0.0,False
0,2021-04-12,13,3,0,0.0,False
0,2021-04-19,13,5,0,0.0,False
0,2021-04-26,13,5,0,0.0,False
0,2021-05-03,13,4,0,0.0,False
0,2021-05-10,13,4,0,0.0,False
0,2021-04-12,14,3,0,0.0,False
0,2021-04-19,14,5,0,0.0,False
0,2021-04-26,14,5,0,0.0,False
0,2021-05-03,14,4,0,0.0,False
0,2021-05-10,14,4,0,0.0,False
0,2021-04-12,15,3,0,0.0,False
0,2021-04-19,15,5,0,0.0,False
0,2021-04-26,15,5,0,0.0,False
0,2021-05-03,15,4,0,0.0,False
0,2021-05-10,15,4,0,0.0,False
0,2021-04-12,16,3,0,0.0,False
0,2021-04-19,16,5,0,0.0,False
0,2021-04-26,16,5,0,0.0,False
0,2021-05-03,16,4,0,0.0,False
0,2021-05-10,16,4,0,0.0,False
0,2021-04-12,17,3,0,0.0,False
0,2021-04-19,17,5,0,0.0,False
0,2021-04-26,17,5,0,0.0,False
0,2021-05-03,17,4,0,0.0,False
0,2021-05-10,17,4,0,0.0,False
0,2021-04-12,18,3,0,0.0,False
0,2021-04-19,18,5,0,0.0,False
0,2021-04-26,18,5,0,0.0,False
0,2021-05-03,18,4,0,0.0,False
0,2021-05-10,18,4,0,0.0,False
0,2021-04-12,19,3,0,0.0,False
0,2021-04-19,19,5,0,0.0,False
0,2021-04-26,19,5,0,0.0,False
0,2021-05-03,19,4,0,0.0,False
0,2021-05-10,19,4,0,0.0,False
0,2021-04-12,20,3,0,0.0,False
0,2021-04-19,20,5,0,0.0,False
0,2021-04-26,20,5,0,0.0,False
0,2021-05-03,20,4,0,0.0,False
0,2021-05-10,20,4,0,0.0,False
0,2021-04-12,21,3,0,0.0,False
0,2021-04-19,21,5,0,0.0,False
0,2021-04-26,21,5,0,0.0,False
0,2021-05-03,21,4,0,0.0,False
0,2021-05-10,21,4,0,0.0,False
0,2021-04-12,22,3,0,0.0,False
0,2021-04-19,22,5,0,0.0,False
0,2021-04-26,22,5,0,0.0,False
0,2021-05-03,22,4,0,0.0,False
0,2021-05-10,22,4,0,0.0,False
0,2021-04-12,23,3,0,0.0,False
0,2021-04-19,23,5,0,0.0,False
0,2021-04-26,23,5,0,0.0,False
0,2021-05-03,23,4,0,0.0,False
0,2021-05-10,23,4,0,0.0,False
0,2021-04-12,24,3,0,0.0,False
0,2021-04-19,24,5,0,0.0,False
0,2021-04-26,24,5,0,0.0,False
0,2021-05-03,24,4,0,0.0,False
0,2021-05-10,24,4,0,0.0,False
0,2021-04-12,25,3,0,0.0,False
0,2021-04-19,25,5,0,0.0,False
0,2021-04-26,25,5,0,0.0,False
0,2021-05-03,25,4,0,0.0,False
0,2021-05-10,25,4,0,0.0,False
0,2021-04-12,26,3,0,0.0,False
0,2021-04-19,26,5,0,0.0,False
0,2021-04-26,26,5,0,0.0,False
0,2021-05-03,26,4,0,0.0,False
0,2021-05-10,26,4,0,0.0,False
0,2021-04-12,27,3,0,0.0,False
0,2021-04-19,27,5,0,0.0,False
0,2021-04-26,27,5,0,0.0,False
0,2021-05-03,27,4,0,0.0,False
0,2021-05-10,27,4,0,0.0,False
0,2021-04-12,28,3,0,0.0,False
0,2021-04-19,28,5,0,0.0,False
0,2021-04-26,28,5,0,0.0,False
0,2021-05-03,28,4,0,0.0,False
0,2021-05-10,28,4,0,0.0,False
0,2021-04-12,29,3,0,0.0,False
0,2021-04-19,29,5,0,0.0,False
0,2021-04-26,29,5,0,0.0,False
0,2021-05-03,29,4,0,0.0,False
0,2021-05-10,29,4,0,0.0,False
0,2021-04-12,30,3,0,0.0,False
0,2021-04-19,30,5,0,0.0,False
0,2021-04-26,30,5,0,0.0,False
0,2021-05-03,30,4,0,0.0,False
0,2021-05-10,30,4,0,0.0,False
0,2021-04-12,31,3,0,0.0,False
0,2021-04-19,31,5,0,0.0,False
0,2021-04-26,31,5,0,0.0,False
0,2021-05-03,31,4,1,0.25,False
0,2021-05-10,31,4,0,0.0,False
0,2021-04-12,32,3,0,0.0,False
0,2021-04-19,32,5,0,0.0,False
0,2021-04-26,32,5,0,0.0,False
0,2021-05-03,32,4,0,0.0,False
0,2021-05-10,32,4,0,0.0,False
0,2021-04-12,33,3,0,0.0,False
0,2021-04-19,33,5,0,0.0,False
0,2021-04-26,33,5,0,0.0,False
0,2021-05-03,33,4,0,0.0,False
0,2021-05-10,33,4,0,0.0,False
0,2021-04-12,34,3,0,0.0,False
0,2021-04-19,34,5,0,0.0,False
0,2021-04-26,34,5,0,0.0,False
0,2021-05-03,34,4,0,0.0,False
0,2021-05-10,34,4,0,0.0,False
0,2021-04-12,35,3,0,0.0,False
0,2021-04-19,35,5,0,0.0,False
0,2021-04-26,35,5,0,0.0,False
0,2021-05-03,35,4,0,0.0,False
0,2021-05-10,35,4,0,0.0,False
0,2021-04-12,36,3,0,0.0,False
0,2021-04-19,36,5,0,0.0,False
0,2021-04-26,36,5,0,0.0,False
0,2021-05-03,36,4,0,0.0,False
0,2021-05-10,36,4,0,0.0,False
0,2021-04-12,37,3,0,0.0,False
0,2021-04-19,37,5,0,0.0,False
0,2021-04-26,37,5,0,0.0,False
0,2021-05-03,37,4,0,0.0,False
0,2021-05-10,37,4,0,0.0,False
0,2021-04-12,38,3,0,0.0,False
0,2021-04-19,38,5,0,0.0,False
0,2021-04-26,38,5,0,0.0,False
0,2021-05-03,38,4,0,0.0,False
0,2021-05-10,38,4,0,0.0,False
0,2021-04-12,39,3,0,0.0,False
0,2021-04-19,39,5,0,0.0,False
0,2021-04-26,39,5,0,0.0,False
0,2021-05-03,39,4,0,0.0,False
0,2021-05-10,39,4,0,0.0,False
0,2021-04-12,40,3,0,0.0,False
0,2021-04-19,40,5,0,0.0,False
0,2021-04-26,40,5,0,0.0,False
0,2021-05-03,40,4,0,0.0,False
0,2021-05-10,40,4,0,0.0,False
0,2021-04-12,41,3,0,0.0,False
0,2021-04-19,41,5,0,0.0,False
0,2021-04-26,41,5,0,0.0,False
0,2021-05-03,41,4,0,0.0,False
0,2021-05-10,41,4,0,0.0,False
0,2021-04-12,42,3,0,0.0,False
0,2021-04-19,42,5,0,0.0,False
0,2021-04-26,42,5,0,0.0,False
0,2021-05-03,42,4,0,0.0,False
0,2021-05-10,42,4,0,0.0,False
0,2021-04-12,43,3,0,0.0,False
0,2021-04-19,43,5,0,0.0,False
0,2021-04-26,43,5,0,0.0,False
0,2021-05-03,43,4,0,0.0,False
0,2021-05-10,43,4,0,0.0,False
0,2021-04-12,44,3,0,0.0,False
0,2021-04-19,44,5,0,0.0,False
0,2021-04-26,44,5,0,0.0,False
0,2021-05-03,44,4,0,0.0,False
0,2021-05-10,44,4,0,0.0,False
0,2021-04-12,45,3,0,0.0,False
0,2021-04-19,45,5,0,0.0,False
0,2021-04-26,45,5,0,0.0,False
0,2021-05-03,45,4,0,0.0,False
0,2021-05-10,45,4,0,0.0,False
0,2021-04-12,46,3,0,0.0,False
0,2021-04-19,46,5,0,0.0,False
0,2021-04-26,46,5,0,0.0,False
0,2021-05-03,46,4,0,0.0,False
0,2021-05-10,46,4,0,0.0,False
0,2021-04-12,47,3,0,0.0,False
0,2021-04-19,47,5,0,0.0,False
0,2021-04-26,47,5,0,0.0,False
0,2021-05-03,47,4,0,0.0,False
0,2021-05-10,47,4,0,0.0,False
0,2021-04-12,48,3,0,0.0,False
0,2021-04-19,48,5,0,0.0,False
0,2021-04-26,48,5,0,0.0,False
0,2021-05-03,48,4,0,0.0,False
0,2021-05-10,48,4,0,0.0,False
0,2021-04-12,49,3,0,0.0,False
0,2021-04-19,49,5,0,0.0,False
0,2021-04-26,49,5,0,0.0,False
0,2021-05-03,49,4,0,0.0,False
0,2021-05-10,49,4,0,0.0,False
0,2021-04-12,50,3,0,0.0,False
0,2021-04-19,50,5,0,0.0,False
0,2021-04-26,50,5,0,0.0,False
0,2021-05-03,50,4,0,0.0,False
0,2021-05-10,50,4,0,0.0,False
0,2021-04-12,51,3,0,0.0,False
0,2021-04-19,51,5,0,0.0,False
0,2021-04-26,51,5,0,0.0,False
0,2021-05-03,51,4,0,0.0,False
0,2021-05-10,51,4,0,0.0,False
0,2021-04-12,52,3,0,0.0,False
0,2021-04-19,52,5,0,0.0,False
0,2021-04-26,52,5,0,0.0,False
0,2021-05-03,52,4,0,0.0,False
0,2021-05-10,52,4,0,0.0,False
0,2021-04-12,53,3,0,0.0,False
0,2021-04-19,53,5,0,0.0,False
0,2021-04-26,53,5,0,0.0,False
0,2021-05-03,53,4,0,0.0,False
0,2021-05-10,53,4,0,0.0,False
0,2021-04-12,54,3,0,0.0,False
0,2021-04-19,54,5,0,0.0,False
0,2021-04-26,54,5,0,0.0,False
0,2021-05-03,54,4,0,0.0,False
0,2021-05-10,54,4,0,0.0,False
0,2021-04-12,55,3,0,0.0,False
0,2021-04-19,55,5,0,0.0,False
0,2021-04-26,55,5,0,0.0,False
0,2021-05-03,55,4,0,0.0,False
0,2021-05-10,55,4,0,0.0,False
0,2021-04-12,56,3,0,0.0,False
0,2021-04-19,56,5,0,0.0,False
0,2021-04-26,56,5,0,0.0,False
0,2021-05-03,56,4,0,0.0,False
0,2021-05-10,56,4,0,0.0,False
0,2021-04-12,57,3,0,0.0,False
0,2021-04-19,57,5,0,0.0,False
0,2021-04-26,57,5,0,0.0,False
0,2021-05-03,57,4,0,0.0,False
0,2021-05-10,57,4,0,0.0,False
0,2021-04-12,58,3,0,0.0,False
0,2021-04-19,58,5,0,0.0,False
0,2021-04-26,58,5,0,0.0,False
0,2021-05-03,58,4,0,0.0,False
0,2021-05-10,58,4,0,0.0,False
0,2021-04-12,59,3,0,0.0,False
0,2021-04-19,59,5,0,0.0,False
0,2021-04-26,59,5,0,0.0,False
0,2021-05-03,59,4,0,0.0,False
0,2021-05-10,59,4,0,0.0,False
0,2021-04-12,60,3,0,0.0,False
0,2021-04-19,60,5,0,0.0,False
0,2021-04-26,60,5,0,0.0,False
0,2021-05-03,60,4,0,0.0,False
0,2021-05-10,60,4,0,0.0,False
0,2021-04-12,61,3,0,0.0,False
0,2021-04-19,61,5,0,0.0,False
0,2021-04-26,61,5,0,0.0,False
0,2021-05-03,61,4,0,0.0,False
0,2021-05-10,61,4,0,0.0,False
0,2021-04-12,62,3,0,0.0,False
0,2021-04-19,62,5,0,0.0,False
0,2021-04-26,62,5,0,0.0,False
0,2021-05-03,62,4,0,0.0,False
0,2021-05-10,62,4,0,0.0,False
0,2021-04-12,63,3,0,0.0,False
0,2021-04-19,63,5,0,0.0,False
0,2021-04-26,63,5,0,0.0,False
0,2021-05-03,63,4,0,0.0,False
0,2021-05-10,63,4,0,0.0,False
0,2021-04-12,64,3,0,0.0,False
0,2021-04-19,64,5,0,0.0,False
0,2021-04-26,64,5,0,0.0,False
0,2021-05-03,64,4,0,0.0,False
0,2021-05-10,64,4,0,0.0,False
0,2021-04-12,65,3,0,0.0,False
0,2021-04-19,65,5,0,0.0,False
0,2021-04-26,65,5,0,0.0,False
0,2021-05-03,65,4,0,0.0,False
0,2021-05-10,65,4,0,0.0,False
0,2021-04-12,66,3,0,0.0,False
0,2021-04-19,66,5,0,0.0,False
0,2021-04-26,66,5,0,0.0,False
0,2021-05-03,66,4,0,0.0,False
0,2021-05-10,66,4,0,0.0,False
0,2021-04-12,67,3,0,0.0,False
0,2021-04-19,67,5,0,0.0,False
0,2021-04-26,67,5,0,0.0,False
0,2021-05-03,67,4,0,0.0,False
0,2021-05-10,67,4,0,0.0,False
0,2021-04-12,68,3,0,0.0,False
0,2021-04-19,68,5,0,0.0,False
0,2021-04-26,68,5,0,0.0,False
0,2021-05-03,68,4,0,0.0,False
0,2021-05-10,68,4,0,0.0,False
0,2021-04-12,69,3,0,0.0,False
0,2021-04-19,69,5,0,0.0,False
0,2021-04-26,69,5,0,0.0,False
0,2021-05-03,69,4,0,0.0,False
0,2021-05-10,69,4,0,0.0,False
0,2021-04-12,70,3,0,0.0,False
0,2021-04-19,70,5,0,0.0,False
0,2021-04-26,70,5,0,0.0,False
0,2021-05-03,70,4,0,0.0,False
0,2021-05-10,70,4,0,0.0,False
0,2021-04-12,71,3,0,0.0,False
0,2021-04-19,71,5,0,0.0,False
0,2021-04-26,71,5,0,0.0,False
0,2021-05-03,71,4,0,0.0,False
0,2021-05-10,71,4,0,0.0,False
0,2021-04-12,72,3,0,0.0,False
0,2021-04-19,72,5,0,0.0,False
0,2021-04-26,72,5,0,0.0,False
0,2021-05-03,72,4,0,0.0,False
0,2021-05-10,72,4,0,0.0,False
0,2021-04-12,73,3,0,0.0,False
0,2021-04-19,73,5,0,0.0,False
0,2021-04-26,73,5,0,0.0,False
0,2021-05-03,73,4,0,0.0,False
0,2021-05-10,73,4,0,0.0,False
0,2021-04-12,74,3,0,0.0,False
0,2021-04-19,74,5,0,0.0,False
0,2021-04-26,74,5,0,0.0,False
0,2021-05-03,74,4,0,0.0,False
0,2021-05-10,74,4,0,0.0,False
0,2021-04-12,75,3,0,0.0,False
0,2021-04-19,75,5,0,0.0,False
0,2021-04-26,75,5,0,0.0,False
0,2021-05-03,75,4,0,0.0,False
0,2021-05-10,75,4,0,0.0,False
0,2021-04-12,76,3,0,0.0,False
0,2021-04-19,76,5,0,0.0,False
0,2021-04-26,76,5,0,0.0,False
0,2021-05-03,76,4,0,0.0,False
0,2021-05-10,76,4,0,0.0,False
0,2021-04-12,77,3,0,0.0,False
0,2021-04-19,77,5,0,0.0,False
0,2021-04-26,77,5,0,0.0,False
0,2021-05-03,77,4,0,0.0,False
0,2021-05-10,77,4,0,0.0,False
0,2021-04-12,78,3,0,0.0,False
0,2021-04-19,78,5,0,0.0,False
0,2021-04-26,78,5,0,0.0,False
0,2021-05-03,78,4,0,0.0,False
0,2021-05-10,78,4,0,0.0,False
0,2021-04-12,79,3,0,0.0,False
0,2021-04-19,79,5,0,0.0,False
0,2021-04-26,79,5,0,0.0,False
0,2021-05-03,79,4,0,0.0,False
0,2021-05-10,79,4,0,0.0,False
0,2021-04-12,80,3,0,0.0,False
0,2021-04-19,80,5,0,0.0,False
0,2021-04-26,80,5,0,0.0,False
0,2021-05-03,80,4,0,0.0,False
0,2021-05-10,80,4,0,0.0,False
0,2021-04-12,81,3,0,0.0,False
0,2021-04-19,81,5,0,0.0,False
0,2021-04-26,81,5,0,0.0,False
0,2021-05-03,81,4,0,0.0,False
0,2021-05-10,81,4,0,0.0,False
0,2021-04-12,82,3,0,0.0,False
0,2021-04-19,82,5,0,0.0,False
0,2021-04-26,82,5,0,0.0,False
0,2021-05-03,82,4,0,0.0,False
0,2021-05-10,82,4,0,0.0,False
0,2021-04-12,83,3,0,0.0,False
0,2021-04-19,83,5,0,0.0,False
0,2021-04-26,83,5,0,0.0,False
0,2021-05-03,83,4,0,0.0,False
0,2021-05-10,83,4,0,0.0,False
0,2021-04-12,84,3,0,0.0,False
0,2021-04-19,84,5,0,0.0,False
0,2021-04-26,84,5,0,0.0,False
0,2021-05-03,84,4,0,0.0,False
0,2021-05-10,84,4,0,0.0,False
0,2021-04-12,85,3,0,0.0,False
0,2021-04-19,85,5,0,0.0,False
0,2021-04-26,85,5,0,0.0,False
0,2021-05-03,85,4,0,0.0,False
0,2021-05-10,85,4,0,0.0,False
0,2021-04-12,86,3,0,0.0,False
0,2021-04-19,86,5,0,0.0,False
0,2021-04-26,86,5,0,0.0,False
0,2021-05-03,86,4,0,0.0,False
0,2021-05-10,86,4,0,0.0,False
0,2021-04-12,87,3,0,0.0,False
0,2021-04-19,87,5,0,0.0,False
0,2021-04-26,87,5,0,0.0,False
0,2021-05-03,87,4,0,0.0,False
0,2021-05-10,87,4,0,0.0,False
0,2021-04-12,88,3,0,0.0,False
0,2021-04-19,88,5,0,0.0,False
0,2021-04-26,88,5,0,0.0,False
0,2021-05-03,88,4,0,0.0,False
0,2021-05-10,88,4,0,0.0,False
0,2021-04-12,89,3,0,0.0,False
0,2021-04-19,89,5,0,0.0,False
0,2021-04-26,89,5,0,0.0,False
0,2021-05-03,89,4,0,0.0,False
0,2021-05-10,89,4,0,0.0,False
0,2021-04-12,90,3,0,0.0,False
0,2021-04-19,90,5,0,0.0,False
0,2021-04-26,90,5,0,0.0,False
0,2021-05-03,90,4,0,0.0,False
0,2021-05-10,90,4,0,0.0,False
0,2021-04-12,91,3,0,0.0,False
0,2021-04-19,91,5,0,0.0,False
0,2021-04-26,91,5,0,0.0,False
0,2021-05-03,91,4,0,0.0,False
0,2021-05-10,91,4,0,0.0,False
0,2021-04-12,92,3,0,0.0,False
0,2021-04-19,92,5,0,0.0,False
0,2021-04-26,92,5,0,0.0,False
0,2021-05-03,92,4,0,0.0,False
0,2021-05-10,92,4,0,0.0,False
0,2021-04-12,93,3,0,0.0,False
0,2021-04-19,93,5,0,0.0,False
0,2021-04-26,93,5,0,0.0,False
0,2021-05-03,93,4,0,0.0,False
0,2021-05-10,93,4,0,0.0,False
0,2021-04-12,94,3,0,0.0,False
0,2021-04-19,94,5,0,0.0,False
0,2021-04-26,94,5,0,0.0,False
0,2021-05-03,94,4,0,0.0,False
0,2021-05-10,94,4,0,0.0,False
0,2021-04-12,95,3,0,0.0,False
0,2021-04-19,95,5,0,0.0,False
0,2021-04-26,95,5,0,0.0,False
0,2021-05-03,95,4,0,0.0,False
0,2021-05-10,95,4,0,0.0,False
1,2021-05-24,0,1,0,0.0,False
1,2021-05-31,0,5,0,0.0,False
1,2021-06-07,0,5,0,0.0,False
1,2021-06-14,0,5,0,0.0,False
1,2021-06-21,0,5,0,0.0,False
1,2021-05-24,1,1,0,0.0,False
1,2021-05-31,1,5,0,0.0,False
1,2021-06-07,1,5,0,0.0,False
1,2021-06-14,1,5,0,0.0,False
1,2021-06-21,1,5,0,0.0,False
1,2021-05-24,2,1,0,0.0,False
1,2021-05-31,2,5,0,0.0,False
1,2021-06-07,2,5,0,0.0,False
1,2021-06-14,2,5,0,0.0,False
1,2021-06-21,2,5,0,0.0,False
1,2021-05-24,3,1,0,0.0,False
1,2021-05-31,3,5,0,0.0,False
1,2021-06-07,3,5,0,0.0,False
1,2021-06-14,3,5,0,0.0,False
1,2021-06-21,3,5,0,0.0,False
1,2021-05-24,4,1,0,0.0,False
1,2021-05-31,4,5,0,0.0,False
1,2021-06-07,4,5,0,0.0,False
1,2021-06-14,4,5,0,0.0,False
1,2021-06-21,4,5,0,0.0,False
1,2021-05-24,5,1,0,0.0,False
1,2021-05-31,5,5,0,0.0,False
1,2021-06-07,5,5,0,0.0,False
1,2021-06-14,5,5,0,0.0,False
1,2021-06-21,5,5,0,0.0,False
1,2021-05-24,6,1,0,0.0,False
1,2021-05-31,6,5,0,0.0,False
1,2021-06-07,6,5,0,0.0,False
1,2021-06-14,6,5,0,0.0,False
1,2021-06-21,6,5,0,0.0,False
1,2021-05-24,7,1,0,0.0,False
1,2021-05-31,7,5,0,0.0,False
1,2021-06-07,7,5,0,0.0,False
1,2021-06-14,7,5,0,0.0,False
1,2021-06-21,7,5,0,0.0,False
1,2021-05-24,8,1,0,0.0,False
1,2021-05-31,8,5,0,0.0,False
1,2021-06-07,8,5,0,0.0,False
1,2021-06-14,8,5,0,0.0,False
1,2021-06-21,8,5,0,0.0,False
1,2021-05-24,9,1,0,0.0,False
1,2021-05-31,9,5,0,0.0,False
1,2021-06-07,9,5,0,0.0,False
1,2021-06-14,9,5,0,0.0,False
1,2021-06-21,9,5,0,0.0,False
1,2021-05-24,10,1,0,0.0,False
1,2021-05-31,10,5,0,0.0,False
1,2021-06-07,10,5,0,0.0,False
1,2021-06-14,10,5,0,0.0,False
1,2021-06-21,10,5,0,0.0,False
1,2021-05-24,11,1,0,0.0,False
1,2021-05-31,11,5,0,0.0,False
1,2021-06-07,11,5,0,0.0,False
1,2021-06-14,11,5,0,0.0,False
1,2021-06-21,11,5,0,0.0,False
1,2021-05-24,12,1,0,0.0,False
1,2021-05-31,12,5,0,0.0,False
1,2021-06-07,12,5,0,0.0,False
1,2021-06-14,12,5,0,0.0,False
1,2021-06-21,12,5,0,0.0,False
1,2021-05-24,13,1,0,0.0,False
1,2021-05-31,13,5,0,0.0,False
1,2021-06-07,13,5,0,0.0,False
1,2021-06-14,13,5,0,0.0,False
1,2021-06-21,13,5,0,0.0,False
1,2021-05-24,14,1,0,0.0,False
1,2021-05-31,14,5,0,0.0,False
1,2021-06-07,14,5,0,0.0,False
1,2021-06-14,14,5,0,0.0,False
1,2021-06-21,14,5,0,0.0,False
1,2021-05-24,15,1,0,0.0,False
1,2021-05-31,15,5,0,0.0,False
1,2021-06-07,15,5,0,0.0,False
1,2021-06-14,15,5,0,0.0,False
1,2021-06-21,15,5,0,0.0,False
1,2021-05-24,16,1,0,0.0,False
1,2021-05-31,16,5,0,0.0,False
1,2021-06-07,16,5,0,0.0,False
1,2021-06-14,16,5,0,0.0,False
1,2021-06-21,16,5,0,0.0,False
1,2021-05-24,17,1,0,0.0,False
1,2021-05-31,17,5,0,0.0,False
1,2021-06-07,17,5,0,0.0,False
1,2021-06-14,17,5,0,0.0,False
1,2021-06-21,17,5,0,0.0,False
1,2021-05-24,18,1,0,0.0,False
1,2021-05-31,18,5,0,0.0,False
1,2021-06-07,18,5,0,0.0,False
1,2021-06-14,18,5,0,0.0,False
1,2021-06-21,18,5,0,0.0,False
1,2021-05-24,19,1,0,0.0,False
1,2021-05-31,19,5,0,0.0,False
1,2021-06-07,19,5,0,0.0,False
1,2021-06-14,19,5,0,0.0,False
1,2021-06-21,19,5,0,0.0,False
1,2021-05-24,20,1,0,0.0,False
1,2021-05-31,20,5,0,0.0,False
1,2021-06-07,20,5,0,0.0,False
1,2021-06-14,20,5,0,0.0,False
1,2021-06-21,20,5,0,0.0,False
1,2021-05-24,21,1,0,0.0,False
1,2021-05-31,21,5,0,0.0,False
1,2021-06-07,21,5,0,0.0,False
1,2021-06-14,21,5,0,0.0,False
1,2021-06-21,21,5,0,0.0,False
1,2021-05-24,22,1,0,0.0,False
1,2021-05-31,22,5,0,0.0,False
1,2021-06-07,22,5,0,0.0,False
1,2021-06-14,22,5,0,0.0,False
1,2021-06-21,22,5,0,0.0,False
1,2021-05-24,23,1,0,0.0,False
1,2021-05-31,23,5,0,0.0,False
1,2021-06-07,23,5,0,0.0,False
1,2021-06-14,23,5,0,0.0,False
1,2021-06-21,23,5,0,0.0,False
1,2021-05-24,24,1,0,0.0,False
1,2021-05-31,24,5,0,0.0,False
1,2021-06-07,24,5,0,0.0,False
1,2021-06-14,24,5,0,0.0,False
1,2021-06-21,24,5,0,0.0,False
1,2021-05-24,25,1,0,0.0,False
1,2021-05-31,25,5,0,0.0,False
1,2021-06-07,25,5,0,0.0,False
1,2021-06-14,25,5,0,0.0,False
1,2021-06-21,25,5,0,0.0,False
1,2021-05-24,26,1,0,0.0,False
1,2021-05-31,26,5,0,0.0,False
1,2021-06-07,26,5,0,0.0,False
1,2021-06-14,26,5,0,0.0,False
1,2021-06-21,26,5,0,0.0,False
1,2021-05-24,27,1,0,0.0,False
1,2021-05-31,27,5,0,0.0,False
1,2021-06-07,27,5,0,0.0,False
1,2021-06-14,27,5,0,0.0,False
1,2021-06-21,27,5,0,0.0,False
1,2021-05-24,28,1,0,0.0,False
1,2021-05-31,28,5,0,0.0,False
1,2021-06-07,28,5,0,0.0,False
1,2021-06-14,28,5,0,0.0,False
1,2021-06-21,28,5,0,0.0,False
1,2021-05-24,29,1,0,0.0,False
1,2021-05-31,29,5,0,0.0,False
1,2021-06-07,29,5,0,0.0,False
1,2021-06-14,29,5,0,0.0,False
1,2021-06-21,29,5,0,0.0,False
1,2021-05-24,30,1,0,0.0,False
1,2021-05-31,30,5,0,0.0,False
1,2021-06-07,30,5,0,0.0,False
1,2021-06-14,30,5,0,0.0,False
1,2021-06-21,30,5,0,0.0,False
1,2021-05-24,31,1,0,0.0,False
1,2021-05-31,31,5,0,0.0,False
1,2021-06-07,31,5,0,0.0,False
1,2021-06-14,31,5,1,0.2,False
1,2021-06-21,31,5,0,0.0,False
1,2021-05-24,32,1,0,0.0,False
1,2021-05-31,32,5,0,0.0,False
1,2021-06-07,32,5,0,0.0,False
1,2021-06-14,32,5,0,0.0,False
1,2021-06-21,32,5,1,0.2,False
1,2021-05-24,33,1,0,0.0,False
1,2021-05-31,33,5,1,0.2,False
1,2021-06-07,33,5,0,0.0,False
1,2021-06-14,33,5,0,0.0,False
1,2021-06-21,33,5,0,0.0,False
1,2021-05-24,34,1,0,0.0,False
1,2021-05-31,34,5,0,0.0,False
1,2021-06-07,34,5,0,0.0,False
1,2021-06-14,34,5,0,0.0,False
1,2021-06-21,34,5,0,0.0,False
1,2021-05-24,35,1,0,0.0,False
1,2021-05-31,35,5,0,0.0,False
1,2021-06-07,35,5,0,0.0,False
1,2021-06-14,35,5,0,0.0,False
1,2021-06-21,35,5,0,0.0,False
1,2021-05-24,36,1,0,0.0,False
1,2021-05-31,36,5,0,0.0,False
1,2021-06-07,36,5,0,0.0,False
1,2021-06-14,36,5,0,0.0,False
1,2021-06-21,36,5,0,0.0,False
1,2021-05-24,37,1,0,0.0,False
1,2021-05-31,37,5,0,0.0,False
1,2021-06-07,37,5,0,0.0,False
1,2021-06-14,37,5,0,0.0,False
1,2021-06-21,37,5,0,0.0,False
1,2021-05-24,38,1,0,0.0,False
1,2021-05-31,38,5,0,0.0,False
1,2021-06-07,38,5,0,0.0,False
1,2021-06-14,38,5,0,0.0,False
1,2021-06-21,38,5,0,0.0,False
1,2021-05-24,39,1,0,0.0,False
1,2021-05-31,39,5,0,0.0,False
1,2021-06-07,39,5,0,0.0,False
1,2021-06-14,39,5,0,0.0,False
1,2021-06-21,39,5,0,0.0,False
1,2021-05-24,40,1,0,0.0,False
1,2021-05-31,40,5,0,0.0,False
1,2021-06-07,40,5,0,0.0,False
1,2021-06-14,40,5,0,0.0,False
1,2021-06-21,40,5,0,0.0,False
1,2021-05-24,41,1,0,0.0,False
1,2021-05-31,41,5,0,0.0,False
1,2021-06-07,41,5,0,0.0,False
1,2021-06-14,41,5,0,0.0,False
1,2021-06-21,41,5,0,0.0,False
1,2021-05-24,42,1,0,0.0,False
1,2021-05-31,42,5,0,0.0,False
1,2021-06-07,42,5,0,0.0,False
1,2021-06-14,42,5,0,0.0,False
1,2021-06-21,42,5,0,0.0,False
1,2021-05-24,43,1,0,0.0,False
1,2021-05-31,43,5,0,0.0,False
1,2021-06-07,43,5,0,0.0,False
1,2021-06-14,43,5,0,0.0,False
1,2021-06-21,43,5,0,0.0,False
1,2021-05-24,44,1,0,0.0,False
1,2021-05-31,44,5,0,0.0,False
1,2021-06-07,44,5,0,0.0,False
1,2021-06-14,44,5,0,0.0,False
1,2021-06-21,44,5,0,0.0,False
1,2021-05-24,45,1,0,0.0,False
1,2021-05-31,45,5,0,0.0,False
1,2021-06-07,45,5,0,0.0,False
1,2021-06-14,45,5,0,0.0,False
1,2021-06-21,45,5,0,0.0,False
1,2021-05-24,46,1,0,0.0,False
1,2021-05-31,46,5,0,0.0,False
1,2021-06-07,46,5,0,0.0,False
1,2021-06-14,46,5,0,0.0,False
1,2021-06-21,46,5,0,0.0,False
1,2021-05-24,47,1,0,0.0,False
1,2021-05-31,47,5,0,0.0,False
1,2021-06-07,47,5,0,0.0,False
1,2021-06-14,47,5,0,0.0,False
1,2021-06-21,47,5,0,0.0,False
1,2021-05-24,48,1,0,0.0,False
1,2021-05-31,48,5,0,0.0,False
1,2021-06-07,48,5,0,0.0,False
1,2021-06-14,48,5,0,0.0,False
1,2021-06-21,48,5,0,0.0,False
1,2021-05-24,49,1,0,0.0,False
1,2021-05-31,49,5,0,0.0,False
1,2021-06-07,49,5,0,0.0,False
1,2021-06-14,49,5,0,0.0,False
1,2021-06-21,49,5,0,0.0,False
1,2021-05-24,50,1,0,0.0,False
1,2021-05-31,50,5,0,0.0,False
1,2021-06-07,50,5,0,0.0,False
1,2021-06-14,50,5,0,0.0,False
1,2021-06-21,50,5,0,0.0,False
1,2021-05-24,51,1,0,0.0,False
1,2021-05-31,51,5,0,0.0,False
1,2021-06-07,51,5,0,0.0,False
1,2021-06-14,51,5,0,0.0,False
1,2021-06-21,51,5,0,0.0,False
1,2021-05-24,52,1,0,0.0,False
1,2021-05-31,52,5,0,0.0,False
1,2021-06-07,52,5,0,0.0,False
1,2021-06-14,52,5,0,0.0,False
1,2021-06-21,52,5,0,0.0,False
1,2021-05-24,53,1,0,0.0,False
1,2021-05-31,53,5,0,0.0,False
1,2021-06-07,53,5,0,0.0,False
1,2021-06-14,53,5,0,0.0,False
1,2021-06-21,53,5,0,0.0,False
1,2021-05-24,54,1,0,0.0,False
1,2021-05-31,54,5,0,0.0,False
1,2021-06-07,54,5,0,0.0,False
1,2021-06-14,54,5,0,0.0,False
1,2021-06-21,54,5,0,0.0,False
1,2021-05-24,55,1,0,0.0,False
1,2021-05-31,55,5,0,0.0,False
1,2021-06-07,55,5,0,0.0,False
1,2021-06-14,55,5,0,0.0,False
1,2021-06-21,55,5,0,0.0,False
1,2021-05-24,56,1,0,0.0,False
1,2021-05-31,56,5,0,0.0,False
1,2021-06-07,56,5,0,0.0,False
1,2021-06-14,56,5,0,0.0,False
1,2021-06-21,56,5,0,0.0,False
1,2021-05-24,57,1,0,0.0,False
1,2021-05-31,57,5,0,0.0,False
1,2021-06-07,57,5,0,0.0,False
1,2021-06-14,57,5,0,0.0,False
1,2021-06-21,57,5,0,0.0,False
1,2021-05-24,58,1,0,0.0,False
1,2021-05-31,58,5,0,0.0,False
1,2021-06-07,58,5,0,0.0,False
1,2021-06-14,58,5,0,0.0,False
1,2021-06-21,58,5,0,0.0,False
1,2021-05-24,59,1,0,0.0,False
1,2021-05-31,59,5,0,0.0,False
1,2021-06-07,59,5,0,0.0,False
1,2021-06-14,59,5,0,0.0,False
1,2021-06-21,59,5,0,0.0,False
1,2021-05-24,60,1,0,0.0,False
1,2021-05-31,60,5,0,0.0,False
1,2021-06-07,60,5,0,0.0,False
1,2021-06-14,60,5,0,0.0,False
1,2021-06-21,60,5,0,0.0,False
1,2021-05-24,61,1,0,0.0,False
1,2021-05-31,61,5,0,0.0,False
1,2021-06-07,61,5,0,0.0,False
1,2021-06-14,61,5,0,0.0,False
1,2021-06-21,61,5,0,0.0,False
1,2021-05-24,62,1,0,0.0,False
1,2021-05-31,62,5,0,0.0,False
1,2021-06-07,62,5,0,0.0,False
1,2021-06-14,62,5,0,0.0,False
1,2021-06-21,62,5,0,0.0,False
1,2021-05-24,63,1,0,0.0,False
1,2021-05-31,63,5,0,0.0,False
1,2021-06-07,63,5,0,0.0,False
1,2021-06-14,63,5,0,0.0,False
1,2021-06-21,63,5,0,0.0,False
1,2021-05-24,64,1,0,0.0,False
1,2021-05-31,64,5,0,0.0,False
1,2021-06-07,64,5,0,0.0,False
1,2021-06-14,64,5,0,0.0,False
1,2021-06-21,64,5,0,0.0,False
1,2021-05-24,65,1,0,0.0,False
1,2021-05-31,65,5,0,0.0,False
1,2021-06-07,65,5,0,0.0,False
1,2021-06-14,65,5,0,0.0,False
1,2021-06-21,65,5,0,0.0,False
1,2021-05-24,66,1,0,0.0,False
1,2021-05-31,66,5,0,0.0,False
1,2021-06-07,66,5,0,0.0,False
1,2021-06-14,66,5,0,0.0,False
1,2021-06-21,66,5,0,0.0,False
1,2021-05-24,67,1,0,0.0,False
1,2021-05-31,67,5,0,0.0,False
1,2021-06-07,67,5,0,0.0,False
1,2021-06-14,67,5,0,0.0,False
1,2021-06-21,67,5,0,0.0,False
1,2021-05-24,68,1,0,0.0,False
1,2021-05-31,68,5,0,0.0,False
1,2021-06-07,68,5,0,0.0,False
1,2021-06-14,68,5,0,0.0,False
1,2021-06-21,68,5,0,0.0,False
1,2021-05-24,69,1,0,0.0,False
1,2021-05-31,69,5,0,0.0,False
1,2021-06-07,69,5,0,0.0,False
1,2021-06-14,69,5,0,0.0,False
1,2021-06-21,69,5,0,0.0,False
1,2021-05-24,70,1,0,0.0,False
1,2021-05-31,70,5,0,0.0,False
1,2021-06-07,70,5,0,0.0,False
1,2021-06-14,70,5,0,0.0,False
1,2021-06-21,70,5,0,0.0,False
1,2021-05-24,71,1,0,0.0,False
1,2021-05-31,71,5,0,0.0,False
1,2021-06-07,71,5,0,0.0,False
1,2021-06-14,71,5,0,0.0,False
1,2021-06-21,71,5,0,0.0,False
1,2021-05-24,72,1,0,0.0,False
1,2021-05-31,72,5,0,0.0,False
1,2021-06-07,72,5,0,0.0,False
1,2021-06-14,72,5,0,0.0,False
1,2021-06-21,72,5,0,0.0,False
1,2021-05-24,73,1,0,0.0,False
1,2021-05-31,73,5,0,0.0,False
1,2021-06-07,73,5,0,0.0,False
1,2021-06-14,73,5,0,0.0,False
1,2021-06-21,73,5,0,0.0,False
1,2021-05-24,74,1,0,0.0,False
1,2021-05-31,74,5,0,0.0,False
1,2021-06-07,74,5,0,0.0,False
1,2021-06-14,74,5,0,0.0,False
1,2021-06-21,74,5,0,0.0,False
1,2021-05-24,75,1,0,0.0,False
1,2021-05-31,75,5,0,0.0,False
1,2021-06-07,75,5,0,0.0,False
1,2021-06-14,75,5,0,0.0,False
1,2021-06-21,75,5,0,0.0,False
1,2021-05-24,76,1,0,0.0,False
1,2021-05-31,76,5,0,0.0,False
1,2021-06-07,76,5,0,0.0,False
1,2021-06-14,76,5,0,0.0,False
1,2021-06-21,76,5,0,0.0,False
1,2021-05-24,77,1,0,0.0,False
1,2021-05-31,77,5,0,0.0,False
1,2021-06-07,77,5,0,0.0,False
1,2021-06-14,77,5,0,0.0,False
1,2021-06-21,77,5,0,0.0,False
1,2021-05-24,78,1,0,0.0,False
1,2021-05-31,78,5,0,0.0,False
1,2021-06-07,78,5,0,0.0,False
1,2021-06-14,78,5,0,0.0,False
1,2021-06-21,78,5,0,0.0,False
1,2021-05-24,79,1,0,0.0,False
1,2021-05-31,79,5,0,0.0,False
1,2021-06-07,79,5,0,0.0,False
1,2021-06-14,79,5,0,0.0,False
1,2021-06-21,79,5,0,0.0,False
1,2021-05-24,80,1,0,0.0,False
1,2021-05-31,80,5,0,0.0,False
1,2021-06-07,80,5,0,0.0,False
1,2021-06-14,80,5,0,0.0,False
1,2021-06-21,80,5,0,0.0,False
1,2021-05-24,81,1,0,0.0,False
1,2021-05-31,81,5,0,0.0,False
1,2021-06-07,81,5,0,0.0,False
1,2021-06-14,81,5,0,0.0,False
1,2021-06-21,81,5,0,0.0,False
1,2021-05-24,82,1,0,0.0,False
1,2021-05-31,82,5,0,0.0,False
1,2021-06-07,82,5,0,0.0,False
1,2021-06-14,82,5,0,0.0,False
1,2021-06-21,82,5,0,0.0,False
1,2021-05-24,83,1,0,0.0,False
1,2021-05-31,83,5,0,0.0,False
1,2021-06-07,83,5,0,0.0,False
1,2021-06-14,83,5,0,0.0,False
1,2021-06-21,83,5,0,0.0,False
1,2021-05-24,84,1,0,0.0,False
1,2021-05-31,84,5,0,0.0,False
1,2021-06-07,84,5,0,0.0,False
1,2021-06-14,84,5,0,0.0,False
1,2021-06-21,84,5,0,0.0,False
1,2021-05-24,85,1,0,0.0,False
1,2021-05-31,85,5,0,0.0,False
1,2021-06-07,85,5,0,0.0,False
1,2021-06-14,85,5,0,0.0,False
1,2021-06-21,85,5,0,0.0,False
1,2021-05-24,86,1,0,0.0,False
1,2021-05-31,86,5,0,0.0,False
1,2021-06-07,86,5,0,0.0,False
1,2021-06-14,86,5,0,0.0,False
1,2021-06-21,86,5,0,0.0,False
1,2021-05-24,87,1,0,0.0,False
1,2021-05-31,87,5,0,0.0,False
1,2021-06-07,87,5,0,0.0,False
1,2021-06-14,87,5,0,0.0,False
1,2021-06-21,87,5,0,0.0,False
1,2021-05-24,88,1,0,0.0,False
1,2021-05-31,88,5,0,0.0,False
1,2021-06-07,88,5,0,0.0,False
1,2021-06-14,88,5,0,0.0,False
1,2021-06-21,88,5,0,0.0,False
1,2021-05-24,89,1,0,0.0,False
1,2021-05-31,89,5,0,0.0,False
1,2021-06-07,89,5,0,0.0,False
1,2021-06-14,89,5,0,0.0,False
1,2021-06-21,89,5,0,0.0,False
1,2021-05-24,90,1,0,0.0,False
1,2021-05-31,90,5,0,0.0,False
1,2021-06-07,90,5,0,0.0,False
1,2021-06-14,90,5,0,0.0,False
1,2021-06-21,90,5,0,0.0,False
1,2021-05-24,91,1,0,0.0,False
1,2021-05-31,91,5,0,0.0,False
1,2021-06-07,91,5,0,0.0,False
1,2021-06-14,91,5,0,0.0,False
1,2021-06-21,91,5,0,0.0,False
1,2021-05-24,92,1,0,0.0,False
1,2021-05-31,92,5,0,0.0,False
1,2021-06-07,92,5,0,0.0,False
1,2021-06-14,92,5,0,0.0,False
1,2021-06-21,92,5,0,0.0,False
1,2021-05-24,93,1,0,0.0,False
1,2021-05-31,93,5,0,0.0,False
1,2021-06-07,93,5,0,0.0,False
1,2021-06-14,93,5,0,0.0,False
1,2021-06-21,93,5,0,0.0,False
1,2021-05-24,94,1,0,0.0,False
1,2021-05-31,94,5,0,0.0,False
1,2021-06-07,94,5,0,0.0,False
1,2021-06-14,94,5,0,0.0,False
1,2021-06-21,94,5,0,0.0,False
1,2021-05-24,95,1,0,0.0,False
1,2021-05-31,95,5,0,0.0,False
1,2021-06-07,95,5,0,0.0,False
1,2021-06-14,95,5,0,0.0,False
1,2021-06-21,95,5,0,0.0,False
2,2021-07-05,0,3,0,0.0,False
2,2021-07-12,0,2,0,0.0,False
2,2021-07-19,0,1,0,0.0,False
2,2021-07-26,0,5,0,0.0,False
2,2021-08-02,0,5,0,0.0,False
2,2021-08-09,0,1,0,0.0,False
2,2021-07-05,1,3,0,0.0,False
2,2021-07-12,1,1,0,0.0,False
2,2021-07-19,1,1,0,0.0,False
2,2021-07-26,1,5,0,0.0,False
2,2021-08-02,1,5,0,0.0,False
2,2021-08-09,1,1,0,0.0,False
2,2021-07-05,2,3,0,0.0,False
2,2021-07-12,2,1,0,0.0,False
2,2021-07-19,2,1,0,0.0,False
2,2021-07-26,2,5,0,0.0,False
2,2021-08-02,2,5,0,0.0,False
2,2021-08-09,2,1,0,0.0,False
2,2021-07-05,3,3,0,0.0,False
2,2021-07-12,3,1,0,0.0,False
2,2021-07-19,3,1,0,0.0,False
2,2021-07-26,3,5,0,0.0,False
2,2021-08-02,3,5,0,0.0,False
2,2021-08-09,3,1,0,0.0,False
2,2021-07-05,4,3,0,0.0,False
2,2021-07-12,4,1,0,0.0,False
2,2021-07-19,4,1,0,0.0,False
2,2021-07-26,4,5,0,0.0,False
2,2021-08-02,4,5,0,0.0,False
2,2021-08-09,4,1,0,0.0,False
2,2021-07-05,5,3,0,0.0,True
2,2021-07-12,5,1,0,0.0,True
2,2021-07-19,5,1,0,0.0,True
2,2021-07-26,5,5,1,0.2,True
2,2021-08-02,5,5,0,0.0,True
2,2021-08-09,5,1,0,0.0,True
2,2021-07-05,6,3,0,0.0,False
2,2021-07-12,6,1,0,0.0,False
2,2021-07-19,6,1,0,0.0,False
2,2021-07-26,6,5,0,0.0,False
2,2021-08-02,6,5,0,0.0,False
2,2021-08-09,6,1,0,0.0,False
2,2021-07-05,7,3,0,0.0,False
2,2021-07-12,7,1,0,0.0,False
2,2021-07-19,7,1,0,0.0,False
2,2021-07-26,7,5,0,0.0,False
2,2021-08-02,7,5,0,0.0,False
2,2021-08-09,7,1,0,0.0,False
2,2021-07-05,8,3,0,0.0,False
2,2021-07-12,8,1,0,0.0,False
2,2021-07-19,8,1,0,0.0,False
2,2021-07-26,8,5,0,0.0,False
2,2021-08-02,8,5,0,0.0,False
2,2021-08-09,8,1,0,0.0,False
2,2021-07-05,9,3,0,0.0,False
2,2021-07-12,9,1,0,0.0,False
2,2021-07-19,9,1,0,0.0,False
2,2021-07-26,9,5,0,0.0,False
2,2021-08-02,9,5,0,0.0,False
2,2021-08-09,9,1,0,0.0,False
2,2021-07-05,10,3,0,0.0,False
2,2021-07-12,10,1,0,0.0,False
2,2021-07-19,10,1,0,0.0,False
2,2021-07-26,10,5,0,0.0,False
2,2021-08-02,10,5,0,0.0,False
2,2021-08-09,10,1,0,0.0,False
2,2021-07-05,11,3,0,0.0,False
2,2021-07-12,11,1,0,0.0,False
2,2021-07-19,11,1,0,0.0,False
2,2021-07-26,11,5,0,0.0,False
2,2021-08-02,11,5,0,0.0,False
2,2021-08-09,11,1,0,0.0,False
2,2021-07-05,12,3,0,0.0,False
2,2021-07-12,12,1,0,0.0,False
2,2021-07-19,12,1,0,0.0,False
2,2021-07-26,12,5,0,0.0,False
2,2021-08-02,12,5,0,0.0,False
2,2021-08-09,12,1,0,0.0,False
2,2021-07-05,13,3,0,0.0,False
2,2021-07-12,13,1,0,0.0,False
2,2021-07-19,13,1,0,0.0,False
2,2021-07-26,13,5,0,0.0,False
2,2021-08-02,13,5,0,0.0,False
2,2021-08-09,13,1,0,0.0,False
2,2021-07-05,14,3,0,0.0,False
2,2021-07-12,14,1,0,0.0,False
2,2021-07-19,14,1,0,0.0,False
2,2021-07-26,14,5,0,0.0,False
2,2021-08-02,14,5,0,0.0,False
2,2021-08-09,14,1,0,0.0,False
2,2021-07-05,15,3,0,0.0,False
2,2021-07-12,15,1,0,0.0,False
2,2021-07-19,15,1,0,0.0,False
2,2021-07-26,15,5,0,0.0,False
2,2021-08-02,15,5,0,0.0,False
2,2021-08-09,15,1,0,0.0,False
2,2021-07-05,16,3,0,0.0,False
2,2021-07-12,16,1,0,0.0,False
2,2021-07-19,16,1,0,0.0,False
2,2021-07-26,16,5,0,0.0,False
2,2021-08-02,16,5,0,0.0,False
2,2021-08-09,16,1,0,0.0,False
2,2021-07-05,17,3,0,0.0,False
2,2021-07-12,17,1,0,0.0,False
2,2021-07-19,17,1,0,0.0,False
2,2021-07-26,17,5,0,0.0,False
2,2021-08-02,17,5,0,0.0,False
2,2021-08-09,17,1,0,0.0,False
2,2021-07-05,18,3,0,0.0,False
2,2021-07-12,18,1,0,0.0,False
2,2021-07-19,18,1,0,0.0,False
2,2021-07-26,18,5,0,0.0,False
2,2021-08-02,18,5,0,0.0,False
2,2021-08-09,18,1,0,0.0,False
2,2021-07-05,19,3,0,0.0,False
2,2021-07-12,19,1,0,0.0,False
2,2021-07-19,19,1,0,0.0,False
2,2021-07-26,19,5,0,0.0,False
2,2021-08-02,19,5,0,0.0,False
2,2021-08-09,19,1,0,0.0,False
2,2021-07-05,20,3,0,0.0,False
2,2021-07-12,20,1,0,0.0,False
2,2021-07-19,20,1,0,0.0,False
2,2021-07-26,20,5,0,0.0,False
2,2021-08-02,20,5,0,0.0,False
2,2021-08-09,20,1,0,0.0,False
2,2021-07-05,21,3,0,0.0,False
2,2021-07-12,21,1,0,0.0,False
2,2021-07-19,21,1,0,0.0,False
2,2021-07-26,21,5,0,0.0,False
2,2021-08-02,21,5,0,0.0,False
2,2021-08-09,21,1,0,0.0,False
2,2021-07-05,22,3,0,0.0,False
2,2021-07-12,22,1,0,0.0,False
2,2021-07-19,22,1,0,0.0,False
2,2021-07-26,22,5,0,0.0,False
2,2021-08-02,22,5,0,0.0,False
2,2021-08-09,22,1,0,0.0,False
2,2021-07-05,23,3,0,0.0,False
2,2021-07-12,23,1,0,0.0,False
2,2021-07-19,23,1,0,0.0,False
2,2021-07-26,23,5,0,0.0,False
2,2021-08-02,23,5,0,0.0,False
2,2021-08-09,23,1,0,0.0,False
2,2021-07-05,24,3,0,0.0,False
2,2021-07-12,24,1,0,0.0,False
2,2021-07-19,24,1,0,0.0,False
2,2021-07-26,24,5,0,0.0,False
2,2021-08-02,24,5,0,0.0,False
2,2021-08-09,24,1,0,0.0,False
2,2021-07-05,25,3,0,0.0,False
2,2021-07-12,25,1,0,0.0,False
2,2021-07-19,25,1,0,0.0,False
2,2021-07-26,25,5,0,0.0,False
2,2021-08-02,25,5,0,0.0,False
2,2021-08-09,25,1,0,0.0,False
2,2021-07-05,26,3,0,0.0,False
2,2021-07-12,26,1,0,0.0,False
2,2021-07-19,26,1,0,0.0,False
2,2021-07-26,26,5,0,0.0,False
2,2021-08-02,26,5,0,0.0,False
2,2021-08-09,26,1,0,0.0,False
2,2021-07-05,27,3,0,0.0,False
2,2021-07-12,27,1,0,0.0,False
2,2021-07-19,27,1,0,0.0,False
2,2021-07-26,27,5,0,0.0,False
2,2021-08-02,27,5,0,0.0,False
2,2021-08-09,27,1,0,0.0,False
2,2021-07-05,28,3,0,0.0,False
2,2021-07-12,28,1,0,0.0,False
2,2021-07-19,28,1,0,0.0,False
2,2021-07-26,28,5,0,0.0,False
2,2021-08-02,28,5,0,0.0,False
2,2021-08-09,28,1,0,0.0,False
2,2021-07-05,29,3,0,0.0,False
2,2021-07-12,29,1,0,0.0,False
2,2021-07-19,29,1,0,0.0,False
2,2021-07-26,29,5,0,0.0,False
2,2021-08-02,29,5,0,0.0,False
2,2021-08-09,29,1,0,0.0,False
2,2021-07-05,30,3,0,0.0,False
2,2021-07-12,30,1,0,0.0,False
2,2021-07-19,30,1,0,0.0,False
2,2021-07-26,30,5,0,0.0,False
2,2021-08-02,30,5,0,0.0,False
2,2021-08-09,30,1,0,0.0,False
2,2021-07-05,31,3,0,0.0,False
2,2021-07-12,31,1,0,0.0,False
2,2021-07-19,31,1,0,0.0,False
2,2021-07-26,31,5,0,0.0,False
2,2021-08-02,31,5,0,0.0,False
2,2021-08-09,31,1,1,1.0,False
2,2021-07-05,32,3,0,0.0,False
2,2021-07-12,32,1,1,1.0,False
2,2021-07-19,32,1,0,0.0,False
2,2021-07-26,32,5,1,0.2,False
2,2021-08-02,32,5,0,0.0,False
2,2021-08-09,32,1,0,0.0,False
2,2021-07-05,33,3,0,0.0,False
2,2021-07-12,33,1,0,0.0,False
2,2021-07-19,33,1,0,0.0,False
2,2021-07-26,33,5,0,0.0,False
2,2021-08-02,33,5,0,0.0,False
2,2021-08-09,33,1,0,0.0,False
2,2021-07-05,34,3,0,0.0,False
2,2021-07-12,34,1,0,0.0,False
2,2021-07-19,34,1,0,0.0,False
2,2021-07-26,34,5,0,0.0,False
2,2021-08-02,34,5,0,0.0,False
2,2021-08-09,34,1,0,0.0,False
2,2021-07-05,35,3,0,0.0,False
2,2021-07-12,35,1,0,0.0,False
2,2021-07-19,35,1,0,0.0,False
2,2021-07-26,35,5,0,0.0,False
2,2021-08-02,35,5,0,0.0,False
2,2021-08-09,35,1,0,0.0,False
2,2021-07-05,36,3,0,0.0,False
2,2021-07-12,36,1,0,0.0,False
2,2021-07-19,36,1,0,0.0,False
2,2021-07-26,36,5,0,0.0,False
2,2021-08-02,36,5,0,0.0,False
2,2021-08-09,36,1,0,0.0,False
2,2021-07-05,37,3,0,0.0,False
2,2021-07-12,37,1,0,0.0,False
2,2021-07-19,37,1,0,0.0,False
2,2021-07-26,37,5,0,0.0,False
2,2021-08-02,37,5,0,0.0,False
2,2021-08-09,37,1,0,0.0,False
2,2021-07-05,38,3,0,0.0,False
2,2021-07-12,38,1,0,0.0,False
2,2021-07-19,38,1,0,0.0,False
2,2021-07-26,38,5,0,0.0,False
2,2021-08-02,38,5,0,0.0,False
2,2021-08-09,38,1,0,0.0,False
2,2021-07-05,39,3,0,0.0,False
2,2021-07-12,39,1,0,0.0,False
2,2021-07-19,39,1,0,0.0,False
2,2021-07-26,39,5,0,0.0,False
2,2021-08-02,39,5,0,0.0,False
2,2021-08-09,39,0,0,,False
2,2021-07-05,40,3,0,0.0,False
2,2021-07-12,40,1,0,0.0,False
2,2021-07-19,40,1,0,0.0,False
2,2021-07-26,40,5,0,0.0,False
2,2021-08-02,40,5,0,0.0,False
2,2021-08-09,40,0,0,,False
2,2021-07-05,41,3,0,0.0,False
2,2021-07-12,41,1,0,0.0,False
2,2021-07-19,41,1,0,0.0,False
2,2021-07-26,41,5,0,0.0,False
2,2021-08-02,41,5,0,0.0,False
2,2021-08-09,41,0,0,,False
2,2021-07-05,42,3,0,0.0,False
2,2021-07-12,42,1,0,0.0,False
2,2021-07-19,42,1,0,0.0,False
2,2021-07-26,42,5,0,0.0,False
2,2021-08-02,42,5,0,0.0,False
2,2021-08-09,42,0,0,,False
2,2021-07-05,43,3,0,0.0,False
2,2021-07-12,43,1,0,0.0,False
2,2021-07-19,43,1,0,0.0,False
2,2021-07-26,43,5,0,0.0,False
2,2021-08-02,43,5,0,0.0,False
2,2021-08-09,43,0,0,,False
2,2021-07-05,44,3,0,0.0,False
2,2021-07-12,44,1,0,0.0,False
2,2021-07-19,44,1,0,0.0,False
2,2021-07-26,44,5,0,0.0,False
2,2021-08-02,44,5,0,0.0,False
2,2021-08-09,44,0,0,,False
2,2021-07-05,45,3,0,0.0,False
2,2021-07-12,45,1,0,0.0,False
2,2021-07-19,45,1,0,0.0,False
2,2021-07-26,45,5,0,0.0,False
2,2021-08-02,45,5,0,0.0,False
2,2021-08-09,45,0,0,,False
2,2021-07-05,46,3,0,0.0,False
2,2021-07-12,46,1,0,0.0,False
2,2021-07-19,46,1,0,0.0,False
2,2021-07-26,46,5,0,0.0,False
2,2021-08-02,46,5,0,0.0,False
2,2021-08-09,46,0,0,,False
2,2021-07-05,47,3,0,0.0,False
2,2021-07-12,47,1,0,0.0,False
2,2021-07-19,47,1,0,0.0,False
2,2021-07-26,47,5,0,0.0,False
2,2021-08-02,47,5,0,0.0,False
2,2021-08-09,47,0,0,,False
2,2021-07-05,48,3,0,0.0,False
2,2021-07-12,48,1,0,0.0,False
2,2021-07-19,48,1,0,0.0,False
2,2021-07-26,48,5,0,0.0,False
2,2021-08-02,48,5,0,0.0,False
2,2021-08-09,48,0,0,,False
2,2021-07-05,49,3,0,0.0,False
2,2021-07-12,49,1,0,0.0,False
2,2021-07-19,49,1,0,0.0,False
2,2021-07-26,49,5,0,0.0,False
2,2021-08-02,49,5,0,0.0,False
2,2021-08-09,49,0,0,,False
2,2021-07-05,50,3,0,0.0,False
2,2021-07-12,50,1,0,0.0,False
2,2021-07-19,50,1,0,0.0,False
2,2021-07-26,50,5,0,0.0,False
2,2021-08-02,50,5,0,0.0,False
2,2021-08-09,50,0,0,,False
2,2021-07-05,51,3,0,0.0,False
2,2021-07-12,51,1,0,0.0,False
2,2021-07-19,51,1,0,0.0,False
2,2021-07-26,51,5,0,0.0,False
2,2021-08-02,51,5,0,0.0,False
2,2021-08-09,51,0,0,,False
2,2021-07-05,52,3,0,0.0,False
2,2021-07-12,52,1,0,0.0,False
2,2021-07-19,52,1,0,0.0,False
2,2021-07-26,52,5,0,0.0,False
2,2021-08-02,52,5,0,0.0,False
2,2021-08-09,52,0,0,,False
2,2021-07-05,53,3,0,0.0,False
2,2021-07-12,53,1,0,0.0,False
2,2021-07-19,53,1,0,0.0,False
2,2021-07-26,53,5,0,0.0,False
2,2021-08-02,53,5,0,0.0,False
2,2021-08-09,53,0,0,,False
2,2021-07-05,54,3,0,0.0,False
2,2021-07-12,54,1,0,0.0,False
2,2021-07-19,54,1,0,0.0,False
2,2021-07-26,54,5,0,0.0,False
2,2021-08-02,54,5,0,0.0,False
2,2021-08-09,54,0,0,,False
2,2021-07-05,55,3,0,0.0,False
2,2021-07-12,55,1,0,0.0,False
2,2021-07-19,55,1,0,0.0,False
2,2021-07-26,55,5,0,0.0,False
2,2021-08-02,55,5,0,0.0,False
2,2021-08-09,55,0,0,,False
2,2021-07-05,56,3,0,0.0,False
2,2021-07-12,56,1,0,0.0,False
2,2021-07-19,56,1,0,0.0,False
2,2021-07-26,56,5,0,0.0,False
2,2021-08-02,56,5,0,0.0,False
2,2021-08-09,56,0,0,,False
2,2021-07-05,57,3,0,0.0,False
2,2021-07-12,57,1,0,0.0,False
2,2021-07-19,57,1,0,0.0,False
2,2021-07-26,57,5,0,0.0,False
2,2021-08-02,57,5,0,0.0,False
2,2021-08-09,57,0,0,,False
2,2021-07-05,58,3,0,0.0,False
2,2021-07-12,58,1,0,0.0,False
2,2021-07-19,58,1,0,0.0,False
2,2021-07-26,58,5,0,0.0,False
2,2021-08-02,58,5,0,0.0,False
2,2021-08-09,58,0,0,,False
2,2021-07-05,59,3,0,0.0,False
2,2021-07-12,59,1,0,0.0,False
2,2021-07-19,59,1,0,0.0,False
2,2021-07-26,59,5,0,0.0,False
2,2021-08-02,59,5,0,0.0,False
2,2021-08-09,59,0,0,,False
2,2021-07-05,60,3,0,0.0,False
2,2021-07-12,60,1,0,0.0,False
2,2021-07-19,60,1,0,0.0,False
2,2021-07-26,60,5,0,0.0,False
2,2021-08-02,60,5,0,0.0,False
2,2021-08-09,60,0,0,,False
2,2021-07-05,61,3,0,0.0,False
2,2021-07-12,61,1,0,0.0,False
2,2021-07-19,61,1,0,0.0,False
2,2021-07-26,61,5,0,0.0,False
2,2021-08-02,61,5,0,0.0,False
2,2021-08-09,61,0,0,,False
2,2021-07-05,62,3,0,0.0,False
2,2021-07-12,62,1,0,0.0,False
2,2021-07-19,62,1,0,0.0,False
2,2021-07-26,62,5,0,0.0,False
2,2021-08-02,62,5,0,0.0,False
2,2021-08-09,62,0,0,,False
2,2021-07-05,63,3,0,0.0,False
2,2021-07-12,63,1,0,0.0,False
2,2021-07-19,63,1,0,0.0,False
2,2021-07-26,63,5,0,0.0,False
2,2021-08-02,63,5,0,0.0,False
2,2021-08-09,63,0,0,,False
2,2021-07-05,64,3,0,0.0,False
2,2021-07-12,64,1,0,0.0,False
2,2021-07-19,64,1,0,0.0,False
2,2021-07-26,64,5,0,0.0,False
2,2021-08-02,64,5,0,0.0,False
2,2021-08-09,64,0,0,,False
2,2021-07-05,65,3,0,0.0,False
2,2021-07-12,65,1,0,0.0,False
2,2021-07-19,65,1,0,0.0,False
2,2021-07-26,65,5,0,0.0,False
2,2021-08-02,65,5,0,0.0,False
2,2021-08-09,65,0,0,,False
2,2021-07-05,66,3,0,0.0,False
2,2021-07-12,66,1,0,0.0,False
2,2021-07-19,66,1,0,0.0,False
2,2021-07-26,66,5,0,0.0,False
2,2021-08-02,66,5,0,0.0,False
2,2021-08-09,66,0,0,,False
2,2021-07-05,67,3,0,0.0,False
2,2021-07-12,67,1,0,0.0,False
2,2021-07-19,67,1,0,0.0,False
2,2021-07-26,67,5,0,0.0,False
2,2021-08-02,67,5,0,0.0,False
2,2021-08-09,67,0,0,,False
2,2021-07-05,68,3,0,0.0,False
2,2021-07-12,68,1,0,0.0,False
2,2021-07-19,68,1,0,0.0,False
2,2021-07-26,68,5,0,0.0,False
2,2021-08-02,68,5,0,0.0,False
2,2021-08-09,68,0,0,,False
2,2021-07-05,69,3,0,0.0,False
2,2021-07-12,69,1,0,0.0,False
2,2021-07-19,69,1,0,0.0,False
2,2021-07-26,69,5,0,0.0,False
2,2021-08-02,69,5,0,0.0,False
2,2021-08-09,69,0,0,,False
2,2021-07-05,70,3,0,0.0,False
2,2021-07-12,70,1,0,0.0,False
2,2021-07-19,70,1,0,0.0,False
2,2021-07-26,70,5,0,0.0,False
2,2021-08-02,70,5,0,0.0,False
2,2021-08-09,70,0,0,,False
2,2021-07-05,71,3,0,0.0,False
2,2021-07-12,71,1,0,0.0,False
2,2021-07-19,71,1,0,0.0,False
2,2021-07-26,71,5,0,0.0,False
2,2021-08-02,71,5,0,0.0,False
2,2021-08-09,71,0,0,,False
2,2021-07-05,72,3,0,0.0,False
2,2021-07-12,72,1,0,0.0,False
2,2021-07-19,72,1,0,0.0,False
2,2021-07-26,72,5,0,0.0,False
2,2021-08-02,72,5,0,0.0,False
2,2021-08-09,72,0,0,,False
2,2021-07-05,73,3,0,0.0,False
2,2021-07-12,73,1,0,0.0,False
2,2021-07-19,73,1,0,0.0,False
2,2021-07-26,73,5,0,0.0,False
2,2021-08-02,73,5,0,0.0,False
2,2021-08-09,73,0,0,,False
2,2021-07-05,74,3,0,0.0,False
2,2021-07-12,74,1,0,0.0,False
2,2021-07-19,74,1,0,0.0,False
2,2021-07-26,74,5,0,0.0,False
2,2021-08-02,74,5,0,0.0,False
2,2021-08-09,74,0,0,,False
2,2021-07-05,75,3,0,0.0,False
2,2021-07-12,75,1,0,0.0,False
2,2021-07-19,75,1,0,0.0,False
2,2021-07-26,75,5,0,0.0,False
2,2021-08-02,75,5,0,0.0,False
2,2021-08-09,75,0,0,,False
2,2021-07-05,76,3,0,0.0,False
2,2021-07-12,76,1,0,0.0,False
2,2021-07-19,76,1,0,0.0,False
2,2021-07-26,76,5,0,0.0,False
2,2021-08-02,76,5,0,0.0,False
2,2021-08-09,76,0,0,,False
2,2021-07-05,77,3,0,0.0,False
2,2021-07-12,77,1,0,0.0,False
2,2021-07-19,77,1,0,0.0,False
2,2021-07-26,77,5,0,0.0,False
2,2021-08-02,77,5,0,0.0,False
2,2021-08-09,77,0,0,,False
2,2021-07-05,78,3,0,0.0,False
2,2021-07-12,78,1,0,0.0,False
2,2021-07-19,78,1,0,0.0,False
2,2021-07-26,78,5,0,0.0,False
2,2021-08-02,78,5,0,0.0,False
2,2021-08-09,78,0,0,,False
2,2021-07-05,79,3,0,0.0,False
2,2021-07-12,79,1,0,0.0,False
2,2021-07-19,79,1,0,0.0,False
2,2021-07-26,79,5,0,0.0,False
2,2021-08-02,79,5,0,0.0,False
2,2021-08-09,79,0,0,,False
2,2021-07-05,80,3,0,0.0,False
2,2021-07-12,80,1,0,0.0,False
2,2021-07-19,80,1,0,0.0,False
2,2021-07-26,80,5,0,0.0,False
2,2021-08-02,80,5,0,0.0,False
2,2021-08-09,80,0,0,,False
2,2021-07-05,81,3,0,0.0,False
2,2021-07-12,81,1,0,0.0,False
2,2021-07-19,81,1,0,0.0,False
2,2021-07-26,81,5,0,0.0,False
2,2021-08-02,81,5,0,0.0,False
2,2021-08-09,81,0,0,,False
2,2021-07-05,82,3,0,0.0,False
2,2021-07-12,82,1,0,0.0,False
2,2021-07-19,82,1,0,0.0,False
2,2021-07-26,82,5,0,0.0,False
2,2021-08-02,82,5,0,0.0,False
2,2021-08-09,82,0,0,,False
2,2021-07-05,83,3,0,0.0,False
2,2021-07-12,83,1,0,0.0,False
2,2021-07-19,83,1,0,0.0,False
2,2021-07-26,83,5,0,0.0,False
2,2021-08-02,83,5,0,0.0,False
2,2021-08-09,83,0,0,,False
2,2021-07-05,84,3,0,0.0,False
2,2021-07-12,84,1,0,0.0,False
2,2021-07-19,84,1,0,0.0,False
2,2021-07-26,84,5,0,0.0,False
2,2021-08-02,84,5,0,0.0,False
2,2021-08-09,84,0,0,,False
2,2021-07-05,85,3,0,0.0,False
2,2021-07-12,85,1,0,0.0,False
2,2021-07-19,85,1,0,0.0,False
2,2021-07-26,85,5,0,0.0,False
2,2021-08-02,85,5,0,0.0,False
2,2021-08-09,85,0,0,,False
2,2021-07-05,86,3,0,0.0,False
2,2021-07-12,86,1,0,0.0,False
2,2021-07-19,86,1,0,0.0,False
2,2021-07-26,86,5,0,0.0,False
2,2021-08-02,86,5,0,0.0,False
2,2021-08-09,86,0,0,,False
2,2021-07-05,87,3,0,0.0,False
2,2021-07-12,87,1,0,0.0,False
2,2021-07-19,87,1,0,0.0,False
2,2021-07-26,87,5,0,0.0,False
2,2021-08-02,87,5,0,0.0,False
2,2021-08-09,87,0,0,,False
2,2021-07-05,88,3,0,0.0,False
2,2021-07-12,88,1,0,0.0,False
2,2021-07-19,88,1,0,0.0,False
2,2021-07-26,88,5,0,0.0,False
2,2021-08-02,88,5,0,0.0,False
2,2021-08-09,88,0,0,,False
2,2021-07-05,89,3,0,0.0,False
2,2021-07-12,89,1,0,0.0,False
2,2021-07-19,89,1,0,0.0,False
2,2021-07-26,89,5,0,0.0,False
2,2021-08-02,89,5,0,0.0,False
2,2021-08-09,89,0,0,,False
2,2021-07-05,90,3,0,0.0,False
2,2021-07-12,90,1,0,0.0,False
2,2021-07-19,90,1,0,0.0,False
2,2021-07-26,90,5,0,0.0,False
2,2021-08-02,90,5,0,0.0,False
2,2021-08-09,90,0,0,,False
2,2021-07-05,91,3,0,0.0,False
2,2021-07-12,91,1,0,0.0,False
2,2021-07-19,91,1,0,0.0,False
2,2021-07-26,91,5,0,0.0,False
2,2021-08-02,91,5,0,0.0,False
2,2021-08-09,91,0,0,,False
2,2021-07-05,92,3,0,0.0,False
2,2021-07-12,92,1,0,0.0,False
2,2021-07-19,92,1,0,0.0,False
2,2021-07-26,92,5,0,0.0,False
2,2021-08-02,92,5,0,0.0,False
2,2021-08-09,92,0,0,,False
2,2021-07-05,93,3,0,0.0,False
2,2021-07-12,93,1,0,0.0,False
2,2021-07-19,93,1,0,0.0,False
2,2021-07-26,93,5,0,0.0,False
2,2021-08-02,93,5,0,0.0,False
2,2021-08-09,93,0,0,,False
2,2021-07-05,94,3,0,0.0,False
2,2021-07-12,94,1,0,0.0,False
2,2021-07-19,94,1,0,0.0,False
2,2021-07-26,94,5,0,0.0,False
2,2021-08-02,94,5,0,0.0,False
2,2021-08-09,94,0,0,,False
2,2021-07-05,95,3,0,0.0,False
2,2021-07-12,95,1,0,0.0,False
2,2021-07-19,95,1,0,0.0,False
2,2021-07-26,95,5,0,0.0,False
2,2021-08-02,95,5,0,0.0,False
2,2021-08-09,95,0,0,,False
