previous_day_max,previous_day_exceed,previous_week_max,previous_week_exceed,slot_rate7,slot_rate28,origin_level,origin_slope,previous_restart_rise,target_weekday,holiday_near,origin,target_time,partition,fold,horizon
2021-01-03 01:15:00,2021-01-03 01:15:00,2020-12-28 01:15:00,2020-12-28 01:15:00,2021-01-03 21:15:00,2021-01-03 21:15:00,2021-01-03 21:15:00,2021-01-03 21:15:00,,,,2021-01-03 21:15:00,2021-01-04 01:15:00,fit,2,16
2021-01-04 01:15:00,2021-01-04 01:15:00,2020-12-29 01:15:00,2020-12-29 01:15:00,2021-01-04 21:15:00,2021-01-04 21:15:00,2021-01-04 21:15:00,2021-01-04 21:15:00,,,,2021-01-04 21:15:00,2021-01-05 01:15:00,fit,2,16
2021-01-05 01:15:00,2021-01-05 01:15:00,2020-12-30 01:15:00,2020-12-30 01:15:00,2021-01-05 21:15:00,2021-01-05 21:15:00,2021-01-05 21:15:00,2021-01-05 21:15:00,,,,2021-01-05 21:15:00,2021-01-06 01:15:00,fit,2,16
2021-01-06 01:15:00,2021-01-06 01:15:00,2020-12-31 01:15:00,2020-12-31 01:15:00,2021-01-06 21:15:00,2021-01-06 21:15:00,2021-01-06 21:15:00,2021-01-06 21:15:00,,,,2021-01-06 21:15:00,2021-01-07 01:15:00,fit,2,16
2021-01-07 01:15:00,2021-01-07 01:15:00,2021-01-01 01:15:00,2021-01-01 01:15:00,2021-01-07 21:15:00,2021-01-07 21:15:00,2021-01-07 21:15:00,2021-01-07 21:15:00,,,,2021-01-07 21:15:00,2021-01-08 01:15:00,fit,2,16
2021-01-10 01:15:00,2021-01-10 01:15:00,2021-01-04 01:15:00,2021-01-04 01:15:00,2021-01-10 21:15:00,2021-01-10 21:15:00,2021-01-10 21:15:00,2021-01-10 21:15:00,,,,2021-01-10 21:15:00,2021-01-11 01:15:00,fit,2,16
2021-01-11 01:15:00,2021-01-11 01:15:00,2021-01-05 01:15:00,2021-01-05 01:15:00,2021-01-11 21:15:00,2021-01-11 21:15:00,2021-01-11 21:15:00,2021-01-11 21:15:00,,,,2021-01-11 21:15:00,2021-01-12 01:15:00,fit,2,16
2021-01-12 01:15:00,2021-01-12 01:15:00,2021-01-06 01:15:00,2021-01-06 01:15:00,2021-01-12 21:15:00,2021-01-12 21:15:00,2021-01-12 21:15:00,2021-01-12 21:15:00,,,,2021-01-12 21:15:00,2021-01-13 01:15:00,fit,2,16
2021-01-13 01:15:00,2021-01-13 01:15:00,2021-01-07 01:15:00,2021-01-07 01:15:00,2021-01-13 21:15:00,2021-01-13 21:15:00,2021-01-13 21:15:00,2021-01-13 21:15:00,,,,2021-01-13 21:15:00,2021-01-14 01:15:00,fit,2,16
2021-01-14 01:15:00,2021-01-14 01:15:00,2021-01-08 01:15:00,2021-01-08 01:15:00,2021-01-14 21:15:00,2021-01-14 21:15:00,2021-01-14 21:15:00,2021-01-14 21:15:00,,,,2021-01-14 21:15:00,2021-01-15 01:15:00,fit,2,16
2021-01-17 01:15:00,2021-01-17 01:15:00,2021-01-11 01:15:00,2021-01-11 01:15:00,2021-01-17 21:15:00,2021-01-17 21:15:00,2021-01-17 21:15:00,2021-01-17 21:15:00,,,,2021-01-17 21:15:00,2021-01-18 01:15:00,fit,2,16
2021-01-18 01:15:00,2021-01-18 01:15:00,2021-01-12 01:15:00,2021-01-12 01:15:00,2021-01-18 21:15:00,2021-01-18 21:15:00,2021-01-18 21:15:00,2021-01-18 21:15:00,,,,2021-01-18 21:15:00,2021-01-19 01:15:00,fit,2,16
2021-01-19 01:15:00,2021-01-19 01:15:00,2021-01-13 01:15:00,2021-01-13 01:15:00,2021-01-19 21:15:00,2021-01-19 21:15:00,2021-01-19 21:15:00,2021-01-19 21:15:00,,,,2021-01-19 21:15:00,2021-01-20 01:15:00,fit,2,16
2021-01-20 01:15:00,2021-01-20 01:15:00,2021-01-14 01:15:00,2021-01-14 01:15:00,2021-01-20 21:15:00,2021-01-20 21:15:00,2021-01-20 21:15:00,2021-01-20 21:15:00,,,,2021-01-20 21:15:00,2021-01-21 01:15:00,fit,2,16
2021-01-21 01:15:00,2021-01-21 01:15:00,2021-01-15 01:15:00,2021-01-15 01:15:00,2021-01-21 21:15:00,2021-01-21 21:15:00,2021-01-21 21:15:00,2021-01-21 21:15:00,,,,2021-01-21 21:15:00,2021-01-22 01:15:00,fit,2,16
2021-01-24 01:15:00,2021-01-24 01:15:00,2021-01-18 01:15:00,2021-01-18 01:15:00,2021-01-24 21:15:00,2021-01-24 21:15:00,2021-01-24 21:15:00,2021-01-24 21:15:00,,,,2021-01-24 21:15:00,2021-01-25 01:15:00,fit,2,16
2021-01-25 01:15:00,2021-01-25 01:15:00,2021-01-19 01:15:00,2021-01-19 01:15:00,2021-01-25 21:15:00,2021-01-25 21:15:00,2021-01-25 21:15:00,2021-01-25 21:15:00,,,,2021-01-25 21:15:00,2021-01-26 01:15:00,fit,2,16
2021-01-26 01:15:00,2021-01-26 01:15:00,2021-01-20 01:15:00,2021-01-20 01:15:00,2021-01-26 21:15:00,2021-01-26 21:15:00,2021-01-26 21:15:00,2021-01-26 21:15:00,,,,2021-01-26 21:15:00,2021-01-27 01:15:00,fit,2,16
2021-01-27 01:15:00,2021-01-27 01:15:00,2021-01-21 01:15:00,2021-01-21 01:15:00,2021-01-27 21:15:00,2021-01-27 21:15:00,2021-01-27 21:15:00,2021-01-27 21:15:00,,,,2021-01-27 21:15:00,2021-01-28 01:15:00,fit,2,16
2021-01-28 01:15:00,2021-01-28 01:15:00,2021-01-22 01:15:00,2021-01-22 01:15:00,2021-01-28 21:15:00,2021-01-28 21:15:00,2021-01-28 21:15:00,2021-01-28 21:15:00,,,,2021-01-28 21:15:00,2021-01-29 01:15:00,fit,2,16
2021-01-31 01:15:00,2021-01-31 01:15:00,2021-01-25 01:15:00,2021-01-25 01:15:00,2021-01-31 21:15:00,2021-01-31 21:15:00,2021-01-31 21:15:00,2021-01-31 21:15:00,,,,2021-01-31 21:15:00,2021-02-01 01:15:00,fit,2,16
2021-02-01 01:15:00,2021-02-01 01:15:00,2021-01-26 01:15:00,2021-01-26 01:15:00,2021-02-01 21:15:00,2021-02-01 21:15:00,2021-02-01 21:15:00,2021-02-01 21:15:00,,,,2021-02-01 21:15:00,2021-02-02 01:15:00,fit,2,16
2021-02-02 01:15:00,2021-02-02 01:15:00,2021-01-27 01:15:00,2021-01-27 01:15:00,2021-02-02 21:15:00,2021-02-02 21:15:00,2021-02-02 21:15:00,2021-02-02 21:15:00,,,,2021-02-02 21:15:00,2021-02-03 01:15:00,fit,2,16
2021-02-03 01:15:00,2021-02-03 01:15:00,2021-01-28 01:15:00,2021-01-28 01:15:00,2021-02-03 21:15:00,2021-02-03 21:15:00,2021-02-03 21:15:00,2021-02-03 21:15:00,,,,2021-02-03 21:15:00,2021-02-04 01:15:00,fit,2,16
2021-02-04 01:15:00,2021-02-04 01:15:00,2021-01-29 01:15:00,2021-01-29 01:15:00,2021-02-04 21:15:00,2021-02-04 21:15:00,2021-02-04 21:15:00,2021-02-04 21:15:00,,,,2021-02-04 21:15:00,2021-02-05 01:15:00,fit,2,16
2021-02-07 01:15:00,2021-02-07 01:15:00,2021-02-01 01:15:00,2021-02-01 01:15:00,2021-02-07 21:15:00,2021-02-07 21:15:00,2021-02-07 21:15:00,2021-02-07 21:15:00,,,,2021-02-07 21:15:00,2021-02-08 01:15:00,fit,2,16
2021-02-08 01:15:00,2021-02-08 01:15:00,2021-02-02 01:15:00,2021-02-02 01:15:00,2021-02-08 21:15:00,2021-02-08 21:15:00,2021-02-08 21:15:00,2021-02-08 21:15:00,,,,2021-02-08 21:15:00,2021-02-09 01:15:00,fit,2,16
2021-02-09 01:15:00,2021-02-09 01:15:00,2021-02-03 01:15:00,2021-02-03 01:15:00,2021-02-09 21:15:00,2021-02-09 21:15:00,2021-02-09 21:15:00,2021-02-09 21:15:00,,,,2021-02-09 21:15:00,2021-02-10 01:15:00,fit,2,16
2021-02-14 01:15:00,2021-02-14 01:15:00,2021-02-08 01:15:00,2021-02-08 01:15:00,2021-02-14 21:15:00,2021-02-14 21:15:00,2021-02-14 21:15:00,2021-02-14 21:15:00,,,,2021-02-14 21:15:00,2021-02-15 01:15:00,fit,2,16
2021-02-15 01:15:00,2021-02-15 01:15:00,2021-02-09 01:15:00,2021-02-09 01:15:00,2021-02-15 21:15:00,2021-02-15 21:15:00,2021-02-15 21:15:00,2021-02-15 21:15:00,,,,2021-02-15 21:15:00,2021-02-16 01:15:00,fit,2,16
2021-02-16 01:15:00,2021-02-16 01:15:00,2021-02-10 01:15:00,2021-02-10 01:15:00,2021-02-16 21:15:00,2021-02-16 21:15:00,2021-02-16 21:15:00,2021-02-16 21:15:00,,,,2021-02-16 21:15:00,2021-02-17 01:15:00,fit,2,16
2021-02-17 01:15:00,2021-02-17 01:15:00,2021-02-11 01:15:00,2021-02-11 01:15:00,2021-02-17 21:15:00,2021-02-17 21:15:00,2021-02-17 21:15:00,2021-02-17 21:15:00,,,,2021-02-17 21:15:00,2021-02-18 01:15:00,fit,2,16
2021-02-18 01:15:00,2021-02-18 01:15:00,2021-02-12 01:15:00,2021-02-12 01:15:00,2021-02-18 21:15:00,2021-02-18 21:15:00,2021-02-18 21:15:00,2021-02-18 21:15:00,,,,2021-02-18 21:15:00,2021-02-19 01:15:00,fit,2,16
2021-02-21 01:15:00,2021-02-21 01:15:00,2021-02-15 01:15:00,2021-02-15 01:15:00,2021-02-21 21:15:00,2021-02-21 21:15:00,2021-02-21 21:15:00,2021-02-21 21:15:00,,,,2021-02-21 21:15:00,2021-02-22 01:15:00,fit,2,16
2021-02-22 01:15:00,2021-02-22 01:15:00,2021-02-16 01:15:00,2021-02-16 01:15:00,2021-02-22 21:15:00,2021-02-22 21:15:00,2021-02-22 21:15:00,2021-02-22 21:15:00,,,,2021-02-22 21:15:00,2021-02-23 01:15:00,fit,2,16
2021-02-23 01:15:00,2021-02-23 01:15:00,2021-02-17 01:15:00,2021-02-17 01:15:00,2021-02-23 21:15:00,2021-02-23 21:15:00,2021-02-23 21:15:00,2021-02-23 21:15:00,,,,2021-02-23 21:15:00,2021-02-24 01:15:00,fit,2,16
2021-02-24 01:15:00,2021-02-24 01:15:00,2021-02-18 01:15:00,2021-02-18 01:15:00,2021-02-24 21:15:00,2021-02-24 21:15:00,2021-02-24 21:15:00,2021-02-24 21:15:00,,,,2021-02-24 21:15:00,2021-02-25 01:15:00,fit,2,16
2021-02-25 01:15:00,2021-02-25 01:15:00,2021-02-19 01:15:00,2021-02-19 01:15:00,2021-02-25 21:15:00,2021-02-25 21:15:00,2021-02-25 21:15:00,2021-02-25 21:15:00,,,,2021-02-25 21:15:00,2021-02-26 01:15:00,fit,2,16
2021-03-01 01:15:00,2021-03-01 01:15:00,2021-02-23 01:15:00,2021-02-23 01:15:00,2021-03-01 21:15:00,2021-03-01 21:15:00,2021-03-01 21:15:00,2021-03-01 21:15:00,,,,2021-03-01 21:15:00,2021-03-02 01:15:00,fit,2,16
2021-03-02 01:15:00,2021-03-02 01:15:00,2021-02-24 01:15:00,2021-02-24 01:15:00,2021-03-02 21:15:00,2021-03-02 21:15:00,2021-03-02 21:15:00,2021-03-02 21:15:00,,,,2021-03-02 21:15:00,2021-03-03 01:15:00,fit,2,16
2021-03-03 01:15:00,2021-03-03 01:15:00,2021-02-25 01:15:00,2021-02-25 01:15:00,2021-03-03 21:15:00,2021-03-03 21:15:00,2021-03-03 21:15:00,2021-03-03 21:15:00,,,,2021-03-03 21:15:00,2021-03-04 01:15:00,fit,2,16
2021-03-04 01:15:00,2021-03-04 01:15:00,2021-02-26 01:15:00,2021-02-26 01:15:00,2021-03-04 21:15:00,2021-03-04 21:15:00,2021-03-04 21:15:00,2021-03-04 21:15:00,,,,2021-03-04 21:15:00,2021-03-05 01:15:00,fit,2,16
2021-03-07 01:15:00,2021-03-07 01:15:00,2021-03-01 01:15:00,2021-03-01 01:15:00,2021-03-07 21:15:00,2021-03-07 21:15:00,2021-03-07 21:15:00,2021-03-07 21:15:00,,,,2021-03-07 21:15:00,2021-03-08 01:15:00,fit,2,16
2021-03-08 01:15:00,2021-03-08 01:15:00,2021-03-02 01:15:00,2021-03-02 01:15:00,2021-03-08 21:15:00,2021-03-08 21:15:00,2021-03-08 21:15:00,2021-03-08 21:15:00,,,,2021-03-08 21:15:00,2021-03-09 01:15:00,fit,2,16
2021-03-09 01:15:00,2021-03-09 01:15:00,2021-03-03 01:15:00,2021-03-03 01:15:00,2021-03-09 21:15:00,2021-03-09 21:15:00,2021-03-09 21:15:00,2021-03-09 21:15:00,,,,2021-03-09 21:15:00,2021-03-10 01:15:00,fit,2,16
2021-03-10 01:15:00,2021-03-10 01:15:00,2021-03-04 01:15:00,2021-03-04 01:15:00,2021-03-10 21:15:00,2021-03-10 21:15:00,2021-03-10 21:15:00,2021-03-10 21:15:00,,,,2021-03-10 21:15:00,2021-03-11 01:15:00,fit,2,16
2021-03-11 01:15:00,2021-03-11 01:15:00,2021-03-05 01:15:00,2021-03-05 01:15:00,2021-03-11 21:15:00,2021-03-11 21:15:00,2021-03-11 21:15:00,2021-03-11 21:15:00,,,,2021-03-11 21:15:00,2021-03-12 01:15:00,fit,2,16
2021-03-14 01:15:00,2021-03-14 01:15:00,2021-03-08 01:15:00,2021-03-08 01:15:00,2021-03-14 21:15:00,2021-03-14 21:15:00,2021-03-14 21:15:00,2021-03-14 21:15:00,,,,2021-03-14 21:15:00,2021-03-15 01:15:00,fit,2,16
2021-03-15 01:15:00,2021-03-15 01:15:00,2021-03-09 01:15:00,2021-03-09 01:15:00,2021-03-15 21:15:00,2021-03-15 21:15:00,2021-03-15 21:15:00,2021-03-15 21:15:00,,,,2021-03-15 21:15:00,2021-03-16 01:15:00,fit,2,16
2021-03-16 01:15:00,2021-03-16 01:15:00,2021-03-10 01:15:00,2021-03-10 01:15:00,2021-03-16 21:15:00,2021-03-16 21:15:00,2021-03-16 21:15:00,2021-03-16 21:15:00,,,,2021-03-16 21:15:00,2021-03-17 01:15:00,fit,2,16
2021-03-17 01:15:00,2021-03-17 01:15:00,2021-03-11 01:15:00,2021-03-11 01:15:00,2021-03-17 21:15:00,2021-03-17 21:15:00,2021-03-17 21:15:00,2021-03-17 21:15:00,,,,2021-03-17 21:15:00,2021-03-18 01:15:00,fit,2,16
2021-03-18 01:15:00,2021-03-18 01:15:00,2021-03-12 01:15:00,2021-03-12 01:15:00,2021-03-18 21:15:00,2021-03-18 21:15:00,2021-03-18 21:15:00,2021-03-18 21:15:00,,,,2021-03-18 21:15:00,2021-03-19 01:15:00,fit,2,16
2021-03-21 01:15:00,2021-03-21 01:15:00,2021-03-15 01:15:00,2021-03-15 01:15:00,2021-03-21 21:15:00,2021-03-21 21:15:00,2021-03-21 21:15:00,2021-03-21 21:15:00,2021-03-21 08:15:00,,,2021-03-21 21:15:00,2021-03-22 01:15:00,fit,2,16
2021-03-22 01:15:00,2021-03-22 01:15:00,2021-03-16 01:15:00,2021-03-16 01:15:00,2021-03-22 21:15:00,2021-03-22 21:15:00,2021-03-22 21:15:00,2021-03-22 21:15:00,2021-03-21 08:15:00,,,2021-03-22 21:15:00,2021-03-23 01:15:00,fit,2,16
2021-03-23 01:15:00,2021-03-23 01:15:00,2021-03-17 01:15:00,2021-03-17 01:15:00,2021-03-23 21:15:00,2021-03-23 21:15:00,2021-03-23 21:15:00,2021-03-23 21:15:00,2021-03-21 08:15:00,,,2021-03-23 21:15:00,2021-03-24 01:15:00,fit,2,16
2021-03-24 01:15:00,2021-03-24 01:15:00,2021-03-18 01:15:00,2021-03-18 01:15:00,2021-03-24 21:15:00,2021-03-24 21:15:00,2021-03-24 21:15:00,2021-03-24 21:15:00,2021-03-21 08:15:00,,,2021-03-24 21:15:00,2021-03-25 01:15:00,fit,2,16
2021-03-25 01:15:00,2021-03-25 01:15:00,2021-03-19 01:15:00,2021-03-19 01:15:00,2021-03-25 21:15:00,2021-03-25 21:15:00,2021-03-25 21:15:00,2021-03-25 21:15:00,2021-03-21 08:15:00,,,2021-03-25 21:15:00,2021-03-26 01:15:00,fit,2,16
2021-03-28 01:15:00,2021-03-28 01:15:00,2021-03-22 01:15:00,2021-03-22 01:15:00,2021-03-28 21:15:00,2021-03-28 21:15:00,2021-03-28 21:15:00,2021-03-28 21:15:00,2021-03-28 08:15:00,,,2021-03-28 21:15:00,2021-03-29 01:15:00,fit,2,16
2021-03-29 01:15:00,2021-03-29 01:15:00,2021-03-23 01:15:00,2021-03-23 01:15:00,2021-03-29 21:15:00,2021-03-29 21:15:00,2021-03-29 21:15:00,2021-03-29 21:15:00,2021-03-28 08:15:00,,,2021-03-29 21:15:00,2021-03-30 01:15:00,fit,2,16
2021-03-30 01:15:00,2021-03-30 01:15:00,2021-03-24 01:15:00,2021-03-24 01:15:00,2021-03-30 21:15:00,2021-03-30 21:15:00,2021-03-30 21:15:00,2021-03-30 21:15:00,2021-03-28 08:15:00,,,2021-03-30 21:15:00,2021-03-31 01:15:00,fit,2,16
2021-03-31 01:15:00,2021-03-31 01:15:00,2021-03-25 01:15:00,2021-03-25 01:15:00,2021-03-31 21:15:00,2021-03-31 21:15:00,2021-03-31 21:15:00,2021-03-31 21:15:00,2021-03-28 08:15:00,,,2021-03-31 21:15:00,2021-04-01 01:15:00,fit,2,16
2021-04-01 01:15:00,2021-04-01 01:15:00,2021-03-26 01:15:00,2021-03-26 01:15:00,2021-04-01 21:15:00,2021-04-01 21:15:00,2021-04-01 21:15:00,2021-04-01 21:15:00,2021-04-01 07:45:00,,,2021-04-01 21:15:00,2021-04-02 01:15:00,fit,2,16
2021-04-04 01:15:00,2021-04-04 01:15:00,2021-03-29 01:15:00,2021-03-29 01:15:00,2021-04-04 21:15:00,2021-04-04 21:15:00,2021-04-04 21:15:00,2021-04-04 21:15:00,2021-04-01 07:45:00,,,2021-04-04 21:15:00,2021-04-05 01:15:00,fit,2,16
2021-04-05 01:15:00,2021-04-05 01:15:00,2021-03-30 01:15:00,2021-03-30 01:15:00,2021-04-05 21:15:00,2021-04-05 21:15:00,2021-04-05 21:15:00,2021-04-05 21:15:00,2021-04-05 07:45:00,,,2021-04-05 21:15:00,2021-04-06 01:15:00,fit,2,16
2021-04-06 01:15:00,2021-04-06 01:15:00,2021-03-31 01:15:00,2021-03-31 01:15:00,2021-04-06 21:15:00,2021-04-06 21:15:00,2021-04-06 21:15:00,2021-04-06 21:15:00,2021-04-05 07:45:00,,,2021-04-06 21:15:00,2021-04-07 01:15:00,fit,2,16
2021-04-07 01:15:00,2021-04-07 01:15:00,2021-04-01 01:15:00,2021-04-01 01:15:00,2021-04-07 21:15:00,2021-04-07 21:15:00,2021-04-07 21:15:00,2021-04-07 21:15:00,2021-04-05 07:45:00,,,2021-04-07 21:15:00,2021-04-08 01:15:00,fit,2,16
2021-04-08 01:15:00,2021-04-08 01:15:00,2021-04-02 01:15:00,2021-04-02 01:15:00,2021-04-08 21:15:00,2021-04-08 21:15:00,2021-04-08 21:15:00,2021-04-08 21:15:00,2021-04-05 07:45:00,,,2021-04-08 21:15:00,2021-04-09 01:15:00,fit,2,16
2021-04-11 01:15:00,2021-04-11 01:15:00,2021-04-05 01:15:00,2021-04-05 01:15:00,2021-04-11 21:15:00,2021-04-11 21:15:00,2021-04-11 21:15:00,2021-04-11 21:15:00,2021-04-05 07:45:00,,,2021-04-11 21:15:00,2021-04-12 01:15:00,fit,2,16
2021-04-12 01:15:00,2021-04-12 01:15:00,2021-04-06 01:15:00,2021-04-06 01:15:00,2021-04-12 21:15:00,2021-04-12 21:15:00,2021-04-12 21:15:00,2021-04-12 21:15:00,2021-04-05 07:45:00,,,2021-04-12 21:15:00,2021-04-13 01:15:00,fit,2,16
2021-04-13 01:15:00,2021-04-13 01:15:00,2021-04-07 01:15:00,2021-04-07 01:15:00,2021-04-13 21:15:00,2021-04-13 21:15:00,2021-04-13 21:15:00,2021-04-13 21:15:00,2021-04-05 07:45:00,,,2021-04-13 21:15:00,2021-04-14 01:15:00,fit,2,16
2021-04-14 01:15:00,2021-04-14 01:15:00,2021-04-08 01:15:00,2021-04-08 01:15:00,2021-04-14 21:15:00,2021-04-14 21:15:00,2021-04-14 21:15:00,2021-04-14 21:15:00,2021-04-05 07:45:00,,,2021-04-14 21:15:00,2021-04-15 01:15:00,fit,2,16
2021-04-15 01:15:00,2021-04-15 01:15:00,2021-04-09 01:15:00,2021-04-09 01:15:00,2021-04-15 21:15:00,2021-04-15 21:15:00,2021-04-15 21:15:00,2021-04-15 21:15:00,2021-04-05 07:45:00,,,2021-04-15 21:15:00,2021-04-16 01:15:00,fit,2,16
2021-04-18 01:15:00,2021-04-18 01:15:00,2021-04-12 01:15:00,2021-04-12 01:15:00,2021-04-18 21:15:00,2021-04-18 21:15:00,2021-04-18 21:15:00,2021-04-18 21:15:00,2021-04-17 01:15:00,,,2021-04-18 21:15:00,2021-04-19 01:15:00,fit,2,16
2021-04-19 01:15:00,2021-04-19 01:15:00,2021-04-13 01:15:00,2021-04-13 01:15:00,2021-04-19 21:15:00,2021-04-19 21:15:00,2021-04-19 21:15:00,2021-04-19 21:15:00,2021-04-19 08:00:00,,,2021-04-19 21:15:00,2021-04-20 01:15:00,fit,2,16
2021-04-20 01:15:00,2021-04-20 01:15:00,2021-04-14 01:15:00,2021-04-14 01:15:00,2021-04-20 21:15:00,2021-04-20 21:15:00,2021-04-20 21:15:00,2021-04-20 21:15:00,2021-04-20 08:00:00,,,2021-04-20 21:15:00,2021-04-21 01:15:00,fit,2,16
2021-04-21 01:15:00,2021-04-21 01:15:00,2021-04-15 01:15:00,2021-04-15 01:15:00,2021-04-21 21:15:00,2021-04-21 21:15:00,2021-04-21 21:15:00,2021-04-21 21:15:00,2021-04-20 08:00:00,,,2021-04-21 21:15:00,2021-04-22 01:15:00,fit,2,16
2021-04-22 01:15:00,2021-04-22 01:15:00,2021-04-16 01:15:00,2021-04-16 01:15:00,2021-04-22 21:15:00,2021-04-22 21:15:00,2021-04-22 21:15:00,2021-04-22 21:15:00,2021-04-20 08:00:00,,,2021-04-22 21:15:00,2021-04-23 01:15:00,fit,2,16
2021-04-25 01:15:00,2021-04-25 01:15:00,2021-04-19 01:15:00,2021-04-19 01:15:00,2021-04-25 21:15:00,2021-04-25 21:15:00,2021-04-25 21:15:00,2021-04-25 21:15:00,2021-04-24 01:15:00,,,2021-04-25 21:15:00,2021-04-26 01:15:00,fit,2,16
2021-04-26 01:15:00,2021-04-26 01:15:00,2021-04-20 01:15:00,2021-04-20 01:15:00,2021-04-26 21:15:00,2021-04-26 21:15:00,2021-04-26 21:15:00,2021-04-26 21:15:00,2021-04-24 01:15:00,,,2021-04-26 21:15:00,2021-04-27 01:15:00,fit,2,16
2021-04-27 01:15:00,2021-04-27 01:15:00,2021-04-21 01:15:00,2021-04-21 01:15:00,2021-04-27 21:15:00,2021-04-27 21:15:00,2021-04-27 21:15:00,2021-04-27 21:15:00,2021-04-24 01:15:00,,,2021-04-27 21:15:00,2021-04-28 01:15:00,fit,2,16
2021-04-28 01:15:00,2021-04-28 01:15:00,2021-04-22 01:15:00,2021-04-22 01:15:00,2021-04-28 21:15:00,2021-04-28 21:15:00,2021-04-28 21:15:00,2021-04-28 21:15:00,2021-04-24 01:15:00,,,2021-04-28 21:15:00,2021-04-29 01:15:00,fit,2,16
2021-04-29 01:15:00,2021-04-29 01:15:00,2021-04-23 01:15:00,2021-04-23 01:15:00,2021-04-29 21:15:00,2021-04-29 21:15:00,2021-04-29 21:15:00,2021-04-29 21:15:00,2021-04-24 01:15:00,,,2021-04-29 21:15:00,2021-04-30 01:15:00,fit,2,16
2021-05-02 01:15:00,2021-05-02 01:15:00,2021-04-26 01:15:00,2021-04-26 01:15:00,2021-05-02 21:15:00,2021-05-02 21:15:00,2021-05-02 21:15:00,2021-05-02 21:15:00,2021-04-24 01:15:00,,,2021-05-02 21:15:00,2021-05-03 01:15:00,fit,2,16
2021-05-03 01:15:00,2021-05-03 01:15:00,2021-04-27 01:15:00,2021-04-27 01:15:00,2021-05-03 21:15:00,2021-05-03 21:15:00,2021-05-03 21:15:00,2021-05-03 21:15:00,2021-05-03 07:45:00,,,2021-05-03 21:15:00,2021-05-04 01:15:00,fit,2,16
2021-05-05 01:15:00,2021-05-05 01:15:00,2021-04-29 01:15:00,2021-04-29 01:15:00,2021-05-05 21:15:00,2021-05-05 21:15:00,2021-05-05 21:15:00,2021-05-05 21:15:00,2021-05-05 01:15:00,,,2021-05-05 21:15:00,2021-05-06 01:15:00,fit,2,16
2021-05-06 01:15:00,2021-05-06 01:15:00,2021-04-30 01:15:00,2021-04-30 01:15:00,2021-05-06 21:15:00,2021-05-06 21:15:00,2021-05-06 21:15:00,2021-05-06 21:15:00,2021-05-06 08:15:00,,,2021-05-06 21:15:00,2021-05-07 01:15:00,fit,2,16
2021-05-09 01:15:00,2021-05-09 01:15:00,2021-05-03 01:15:00,2021-05-03 01:15:00,2021-05-09 21:15:00,2021-05-09 21:15:00,2021-05-09 21:15:00,2021-05-09 21:15:00,2021-05-09 08:00:00,,,2021-05-09 21:15:00,2021-05-10 01:15:00,fit,2,16
2021-05-10 01:15:00,2021-05-10 01:15:00,2021-05-04 01:15:00,2021-05-04 01:15:00,2021-05-10 21:15:00,2021-05-10 21:15:00,2021-05-10 21:15:00,2021-05-10 21:15:00,2021-05-10 08:00:00,,,2021-05-10 21:15:00,2021-05-11 01:15:00,fit,2,16
2021-05-11 01:15:00,2021-05-11 01:15:00,2021-05-05 01:15:00,2021-05-05 01:15:00,2021-05-11 21:15:00,2021-05-11 21:15:00,2021-05-11 21:15:00,2021-05-11 21:15:00,2021-05-10 08:00:00,,,2021-05-11 21:15:00,2021-05-12 01:15:00,fit,2,16
2021-05-12 01:15:00,2021-05-12 01:15:00,2021-05-06 01:15:00,2021-05-06 01:15:00,2021-05-12 21:15:00,2021-05-12 21:15:00,2021-05-12 21:15:00,2021-05-12 21:15:00,2021-05-12 01:15:00,,,2021-05-12 21:15:00,2021-05-13 01:15:00,fit,2,16
2021-05-13 01:15:00,2021-05-13 01:15:00,2021-05-07 01:15:00,2021-05-07 01:15:00,2021-05-13 21:15:00,2021-05-13 21:15:00,2021-05-13 21:15:00,2021-05-13 21:15:00,2021-05-12 01:15:00,,,2021-05-13 21:15:00,2021-05-14 01:15:00,fit,2,16
2021-05-16 01:15:00,2021-05-16 01:15:00,2021-05-10 01:15:00,2021-05-10 01:15:00,2021-05-16 21:15:00,2021-05-16 21:15:00,2021-05-16 21:15:00,2021-05-16 21:15:00,2021-05-12 01:15:00,,,2021-05-16 21:15:00,2021-05-17 01:15:00,fit,2,16
2021-05-17 01:15:00,2021-05-17 01:15:00,2021-05-11 01:15:00,2021-05-11 01:15:00,2021-05-17 21:15:00,2021-05-17 21:15:00,2021-05-17 21:15:00,2021-05-17 21:15:00,2021-05-17 08:15:00,,,2021-05-17 21:15:00,2021-05-18 01:15:00,fit,2,16
2021-05-19 01:15:00,2021-05-19 01:15:00,2021-05-13 01:15:00,2021-05-13 01:15:00,2021-05-19 21:15:00,2021-05-19 21:15:00,2021-05-19 21:15:00,2021-05-19 21:15:00,2021-05-17 08:15:00,,,2021-05-19 21:15:00,2021-05-20 01:15:00,fit,2,16
2021-05-20 01:15:00,2021-05-20 01:15:00,2021-05-14 01:15:00,2021-05-14 01:15:00,2021-05-20 21:15:00,2021-05-20 21:15:00,2021-05-20 21:15:00,2021-05-20 21:15:00,2021-05-20 07:45:00,,,2021-05-20 21:15:00,2021-05-21 01:15:00,fit,2,16
2021-05-23 01:15:00,2021-05-23 01:15:00,2021-05-17 01:15:00,2021-05-17 01:15:00,2021-05-23 21:15:00,2021-05-23 21:15:00,2021-05-23 21:15:00,2021-05-23 21:15:00,2021-05-22 05:45:00,,,2021-05-23 21:15:00,2021-05-24 01:15:00,fit,2,16
2021-07-07 01:15:00,2021-07-07 01:15:00,2021-07-01 01:15:00,2021-07-01 01:15:00,2021-05-24 15:45:00,2021-05-24 15:45:00,2021-07-07 21:15:00,2021-07-07 21:15:00,2021-07-05 08:00:00,,,2021-07-07 21:15:00,2021-07-08 01:15:00,score,2,16
2021-07-08 01:15:00,2021-07-08 01:15:00,2021-07-02 01:15:00,2021-07-02 01:15:00,2021-05-24 15:45:00,2021-05-24 15:45:00,2021-07-08 21:15:00,2021-07-08 21:15:00,2021-07-05 08:00:00,,,2021-07-08 21:15:00,2021-07-09 01:15:00,score,2,16
2021-07-11 01:15:00,2021-07-11 01:15:00,2021-07-05 01:15:00,2021-07-05 01:15:00,2021-05-24 15:45:00,2021-05-24 15:45:00,2021-07-11 21:15:00,2021-07-11 21:15:00,2021-07-05 08:00:00,,,2021-07-11 21:15:00,2021-07-12 01:15:00,score,2,16
2021-07-25 01:15:00,2021-07-25 01:15:00,2021-07-19 01:15:00,2021-07-19 01:15:00,2021-05-24 15:45:00,2021-05-24 15:45:00,2021-07-25 21:15:00,2021-07-25 21:15:00,2021-07-19 08:00:00,,,2021-07-25 21:15:00,2021-07-26 01:15:00,score,2,16
2021-07-26 01:15:00,2021-07-26 01:15:00,2021-07-20 01:15:00,2021-07-20 01:15:00,2021-05-24 15:45:00,2021-05-24 15:45:00,2021-07-26 21:15:00,2021-07-26 21:15:00,2021-07-26 08:00:00,,,2021-07-26 21:15:00,2021-07-27 01:15:00,score,2,16
2021-07-27 01:15:00,2021-07-27 01:15:00,2021-07-21 01:15:00,2021-07-21 01:15:00,2021-05-24 15:45:00,2021-05-24 15:45:00,2021-07-27 21:15:00,2021-07-27 21:15:00,2021-07-26 08:00:00,,,2021-07-27 21:15:00,2021-07-28 01:15:00,score,2,16
2021-07-28 01:15:00,2021-07-28 01:15:00,2021-07-22 01:15:00,2021-07-22 01:15:00,2021-05-24 15:45:00,2021-05-24 15:45:00,2021-07-28 21:15:00,2021-07-28 21:15:00,2021-07-26 08:00:00,,,2021-07-28 21:15:00,2021-07-29 01:15:00,score,2,16
2021-07-29 01:15:00,2021-07-29 01:15:00,2021-07-23 01:15:00,2021-07-23 01:15:00,2021-05-24 15:45:00,2021-05-24 15:45:00,2021-07-29 21:15:00,2021-07-29 21:15:00,2021-07-29 01:15:00,,,2021-07-29 21:15:00,2021-07-30 01:15:00,score,2,16
2021-08-01 01:15:00,2021-08-01 01:15:00,2021-07-26 01:15:00,2021-07-26 01:15:00,2021-05-24 15:45:00,2021-05-24 15:45:00,2021-08-01 21:15:00,2021-08-01 21:15:00,2021-07-29 01:15:00,,,2021-08-01 21:15:00,2021-08-02 01:15:00,score,2,16
2021-08-02 01:15:00,2021-08-02 01:15:00,2021-07-27 01:15:00,2021-07-27 01:15:00,2021-05-24 15:45:00,2021-05-24 15:45:00,2021-08-02 21:15:00,2021-08-02 21:15:00,2021-07-29 01:15:00,,,2021-08-02 21:15:00,2021-08-03 01:15:00,score,2,16
2021-08-03 01:15:00,2021-08-03 01:15:00,2021-07-28 01:15:00,2021-07-28 01:15:00,2021-05-24 15:45:00,2021-05-24 15:45:00,2021-08-03 21:15:00,2021-08-03 21:15:00,2021-07-29 01:15:00,,,2021-08-03 21:15:00,2021-08-04 01:15:00,score,2,16
2021-08-04 01:15:00,2021-08-04 01:15:00,2021-07-29 01:15:00,2021-07-29 01:15:00,2021-05-24 15:45:00,2021-05-24 15:45:00,2021-08-04 21:15:00,2021-08-04 21:15:00,2021-07-29 01:15:00,,,2021-08-04 21:15:00,2021-08-05 01:15:00,score,2,16
2021-08-05 01:15:00,2021-08-05 01:15:00,2021-07-30 01:15:00,2021-07-30 01:15:00,2021-05-24 15:45:00,2021-05-24 15:45:00,2021-08-05 21:15:00,2021-08-05 21:15:00,2021-07-29 01:15:00,,,2021-08-05 21:15:00,2021-08-06 01:15:00,score,2,16
2021-08-08 01:15:00,2021-08-08 01:15:00,2021-08-02 01:15:00,2021-08-02 01:15:00,2021-05-24 15:45:00,2021-05-24 15:45:00,2021-08-08 21:15:00,2021-08-08 21:15:00,2021-07-29 01:15:00,,,2021-08-08 21:15:00,2021-08-09 01:15:00,score,2,16
2021-01-03 01:15:00,2021-01-03 01:15:00,2020-12-28 01:15:00,2020-12-28 01:15:00,2021-01-03 01:15:00,2021-01-03 01:15:00,2021-01-03 01:15:00,2021-01-03 01:15:00,,,,2021-01-03 01:15:00,2021-01-04 01:15:00,fit,2,96
2021-01-04 01:15:00,2021-01-04 01:15:00,2020-12-29 01:15:00,2020-12-29 01:15:00,2021-01-04 01:15:00,2021-01-04 01:15:00,2021-01-04 01:15:00,2021-01-04 01:15:00,,,,2021-01-04 01:15:00,2021-01-05 01:15:00,fit,2,96
2021-01-05 01:15:00,2021-01-05 01:15:00,2020-12-30 01:15:00,2020-12-30 01:15:00,2021-01-05 01:15:00,2021-01-05 01:15:00,2021-01-05 01:15:00,2021-01-05 01:15:00,,,,2021-01-05 01:15:00,2021-01-06 01:15:00,fit,2,96
2021-01-06 01:15:00,2021-01-06 01:15:00,2020-12-31 01:15:00,2020-12-31 01:15:00,2021-01-06 01:15:00,2021-01-06 01:15:00,2021-01-06 01:15:00,2021-01-06 01:15:00,,,,2021-01-06 01:15:00,2021-01-07 01:15:00,fit,2,96
2021-01-07 01:15:00,2021-01-07 01:15:00,2021-01-01 01:15:00,2021-01-01 01:15:00,2021-01-07 01:15:00,2021-01-07 01:15:00,2021-01-07 01:15:00,2021-01-07 01:15:00,,,,2021-01-07 01:15:00,2021-01-08 01:15:00,fit,2,96
2021-01-10 01:15:00,2021-01-10 01:15:00,2021-01-04 01:15:00,2021-01-04 01:15:00,2021-01-10 01:15:00,2021-01-10 01:15:00,2021-01-10 01:15:00,2021-01-10 01:15:00,,,,2021-01-10 01:15:00,2021-01-11 01:15:00,fit,2,96
2021-01-11 01:15:00,2021-01-11 01:15:00,2021-01-05 01:15:00,2021-01-05 01:15:00,2021-01-11 01:15:00,2021-01-11 01:15:00,2021-01-11 01:15:00,2021-01-11 01:15:00,,,,2021-01-11 01:15:00,2021-01-12 01:15:00,fit,2,96
2021-01-12 01:15:00,2021-01-12 01:15:00,2021-01-06 01:15:00,2021-01-06 01:15:00,2021-01-12 01:15:00,2021-01-12 01:15:00,2021-01-12 01:15:00,2021-01-12 01:15:00,,,,2021-01-12 01:15:00,2021-01-13 01:15:00,fit,2,96
2021-01-13 01:15:00,2021-01-13 01:15:00,2021-01-07 01:15:00,2021-01-07 01:15:00,2021-01-13 01:15:00,2021-01-13 01:15:00,2021-01-13 01:15:00,2021-01-13 01:15:00,,,,2021-01-13 01:15:00,2021-01-14 01:15:00,fit,2,96
2021-01-14 01:15:00,2021-01-14 01:15:00,2021-01-08 01:15:00,2021-01-08 01:15:00,2021-01-14 01:15:00,2021-01-14 01:15:00,2021-01-14 01:15:00,2021-01-14 01:15:00,,,,2021-01-14 01:15:00,2021-01-15 01:15:00,fit,2,96
2021-01-17 01:15:00,2021-01-17 01:15:00,2021-01-11 01:15:00,2021-01-11 01:15:00,2021-01-17 01:15:00,2021-01-17 01:15:00,2021-01-17 01:15:00,2021-01-17 01:15:00,,,,2021-01-17 01:15:00,2021-01-18 01:15:00,fit,2,96
2021-01-18 01:15:00,2021-01-18 01:15:00,2021-01-12 01:15:00,2021-01-12 01:15:00,2021-01-18 01:15:00,2021-01-18 01:15:00,2021-01-18 01:15:00,2021-01-18 01:15:00,,,,2021-01-18 01:15:00,2021-01-19 01:15:00,fit,2,96
2021-01-19 01:15:00,2021-01-19 01:15:00,2021-01-13 01:15:00,2021-01-13 01:15:00,2021-01-19 01:15:00,2021-01-19 01:15:00,2021-01-19 01:15:00,2021-01-19 01:15:00,,,,2021-01-19 01:15:00,2021-01-20 01:15:00,fit,2,96
2021-01-20 01:15:00,2021-01-20 01:15:00,2021-01-14 01:15:00,2021-01-14 01:15:00,2021-01-20 01:15:00,2021-01-20 01:15:00,2021-01-20 01:15:00,2021-01-20 01:15:00,,,,2021-01-20 01:15:00,2021-01-21 01:15:00,fit,2,96
2021-01-21 01:15:00,2021-01-21 01:15:00,2021-01-15 01:15:00,2021-01-15 01:15:00,2021-01-21 01:15:00,2021-01-21 01:15:00,2021-01-21 01:15:00,2021-01-21 01:15:00,,,,2021-01-21 01:15:00,2021-01-22 01:15:00,fit,2,96
2021-01-24 01:15:00,2021-01-24 01:15:00,2021-01-18 01:15:00,2021-01-18 01:15:00,2021-01-24 01:15:00,2021-01-24 01:15:00,2021-01-24 01:15:00,2021-01-24 01:15:00,,,,2021-01-24 01:15:00,2021-01-25 01:15:00,fit,2,96
2021-01-25 01:15:00,2021-01-25 01:15:00,2021-01-19 01:15:00,2021-01-19 01:15:00,2021-01-25 01:15:00,2021-01-25 01:15:00,2021-01-25 01:15:00,2021-01-25 01:15:00,,,,2021-01-25 01:15:00,2021-01-26 01:15:00,fit,2,96
2021-01-26 01:15:00,2021-01-26 01:15:00,2021-01-20 01:15:00,2021-01-20 01:15:00,2021-01-26 01:15:00,2021-01-26 01:15:00,2021-01-26 01:15:00,2021-01-26 01:15:00,,,,2021-01-26 01:15:00,2021-01-27 01:15:00,fit,2,96
2021-01-27 01:15:00,2021-01-27 01:15:00,2021-01-21 01:15:00,2021-01-21 01:15:00,2021-01-27 01:15:00,2021-01-27 01:15:00,2021-01-27 01:15:00,2021-01-27 01:15:00,,,,2021-01-27 01:15:00,2021-01-28 01:15:00,fit,2,96
2021-01-28 01:15:00,2021-01-28 01:15:00,2021-01-22 01:15:00,2021-01-22 01:15:00,2021-01-28 01:15:00,2021-01-28 01:15:00,2021-01-28 01:15:00,2021-01-28 01:15:00,,,,2021-01-28 01:15:00,2021-01-29 01:15:00,fit,2,96
2021-01-31 01:15:00,2021-01-31 01:15:00,2021-01-25 01:15:00,2021-01-25 01:15:00,2021-01-31 01:15:00,2021-01-31 01:15:00,2021-01-31 01:15:00,2021-01-31 01:15:00,,,,2021-01-31 01:15:00,2021-02-01 01:15:00,fit,2,96
2021-02-01 01:15:00,2021-02-01 01:15:00,2021-01-26 01:15:00,2021-01-26 01:15:00,2021-02-01 01:15:00,2021-02-01 01:15:00,2021-02-01 01:15:00,2021-02-01 01:15:00,,,,2021-02-01 01:15:00,2021-02-02 01:15:00,fit,2,96
2021-02-02 01:15:00,2021-02-02 01:15:00,2021-01-27 01:15:00,2021-01-27 01:15:00,2021-02-02 01:15:00,2021-02-02 01:15:00,2021-02-02 01:15:00,2021-02-02 01:15:00,,,,2021-02-02 01:15:00,2021-02-03 01:15:00,fit,2,96
2021-02-03 01:15:00,2021-02-03 01:15:00,2021-01-28 01:15:00,2021-01-28 01:15:00,2021-02-03 01:15:00,2021-02-03 01:15:00,2021-02-03 01:15:00,2021-02-03 01:15:00,,,,2021-02-03 01:15:00,2021-02-04 01:15:00,fit,2,96
2021-02-04 01:15:00,2021-02-04 01:15:00,2021-01-29 01:15:00,2021-01-29 01:15:00,2021-02-04 01:15:00,2021-02-04 01:15:00,2021-02-04 01:15:00,2021-02-04 01:15:00,,,,2021-02-04 01:15:00,2021-02-05 01:15:00,fit,2,96
2021-02-07 01:15:00,2021-02-07 01:15:00,2021-02-01 01:15:00,2021-02-01 01:15:00,2021-02-07 01:15:00,2021-02-07 01:15:00,2021-02-07 01:15:00,2021-02-07 01:15:00,,,,2021-02-07 01:15:00,2021-02-08 01:15:00,fit,2,96
2021-02-08 01:15:00,2021-02-08 01:15:00,2021-02-02 01:15:00,2021-02-02 01:15:00,2021-02-08 01:15:00,2021-02-08 01:15:00,2021-02-08 01:15:00,2021-02-08 01:15:00,,,,2021-02-08 01:15:00,2021-02-09 01:15:00,fit,2,96
2021-02-09 01:15:00,2021-02-09 01:15:00,2021-02-03 01:15:00,2021-02-03 01:15:00,2021-02-09 01:15:00,2021-02-09 01:15:00,2021-02-09 01:15:00,2021-02-09 01:15:00,,,,2021-02-09 01:15:00,2021-02-10 01:15:00,fit,2,96
2021-02-14 01:15:00,2021-02-14 01:15:00,2021-02-08 01:15:00,2021-02-08 01:15:00,2021-02-14 01:15:00,2021-02-14 01:15:00,2021-02-14 01:15:00,2021-02-14 01:15:00,,,,2021-02-14 01:15:00,2021-02-15 01:15:00,fit,2,96
2021-02-15 01:15:00,2021-02-15 01:15:00,2021-02-09 01:15:00,2021-02-09 01:15:00,2021-02-15 01:15:00,2021-02-15 01:15:00,2021-02-15 01:15:00,2021-02-15 01:15:00,,,,2021-02-15 01:15:00,2021-02-16 01:15:00,fit,2,96
2021-02-16 01:15:00,2021-02-16 01:15:00,2021-02-10 01:15:00,2021-02-10 01:15:00,2021-02-16 01:15:00,2021-02-16 01:15:00,2021-02-16 01:15:00,2021-02-16 01:15:00,,,,2021-02-16 01:15:00,2021-02-17 01:15:00,fit,2,96
2021-02-17 01:15:00,2021-02-17 01:15:00,2021-02-11 01:15:00,2021-02-11 01:15:00,2021-02-17 01:15:00,2021-02-17 01:15:00,2021-02-17 01:15:00,2021-02-17 01:15:00,,,,2021-02-17 01:15:00,2021-02-18 01:15:00,fit,2,96
2021-02-18 01:15:00,2021-02-18 01:15:00,2021-02-12 01:15:00,2021-02-12 01:15:00,2021-02-18 01:15:00,2021-02-18 01:15:00,2021-02-18 01:15:00,2021-02-18 01:15:00,,,,2021-02-18 01:15:00,2021-02-19 01:15:00,fit,2,96
2021-02-21 01:15:00,2021-02-21 01:15:00,2021-02-15 01:15:00,2021-02-15 01:15:00,2021-02-21 01:15:00,2021-02-21 01:15:00,2021-02-21 01:15:00,2021-02-21 01:15:00,,,,2021-02-21 01:15:00,2021-02-22 01:15:00,fit,2,96
2021-02-22 01:15:00,2021-02-22 01:15:00,2021-02-16 01:15:00,2021-02-16 01:15:00,2021-02-22 01:15:00,2021-02-22 01:15:00,2021-02-22 01:15:00,2021-02-22 01:15:00,,,,2021-02-22 01:15:00,2021-02-23 01:15:00,fit,2,96
2021-02-23 01:15:00,2021-02-23 01:15:00,2021-02-17 01:15:00,2021-02-17 01:15:00,2021-02-23 01:15:00,2021-02-23 01:15:00,2021-02-23 01:15:00,2021-02-23 01:15:00,,,,2021-02-23 01:15:00,2021-02-24 01:15:00,fit,2,96
2021-02-24 01:15:00,2021-02-24 01:15:00,2021-02-18 01:15:00,2021-02-18 01:15:00,2021-02-24 01:15:00,2021-02-24 01:15:00,2021-02-24 01:15:00,2021-02-24 01:15:00,,,,2021-02-24 01:15:00,2021-02-25 01:15:00,fit,2,96
2021-02-25 01:15:00,2021-02-25 01:15:00,2021-02-19 01:15:00,2021-02-19 01:15:00,2021-02-25 01:15:00,2021-02-25 01:15:00,2021-02-25 01:15:00,2021-02-25 01:15:00,,,,2021-02-25 01:15:00,2021-02-26 01:15:00,fit,2,96
2021-03-01 01:15:00,2021-03-01 01:15:00,2021-02-23 01:15:00,2021-02-23 01:15:00,2021-03-01 01:15:00,2021-03-01 01:15:00,2021-03-01 01:15:00,2021-03-01 01:15:00,,,,2021-03-01 01:15:00,2021-03-02 01:15:00,fit,2,96
2021-03-02 01:15:00,2021-03-02 01:15:00,2021-02-24 01:15:00,2021-02-24 01:15:00,2021-03-02 01:15:00,2021-03-02 01:15:00,2021-03-02 01:15:00,2021-03-02 01:15:00,,,,2021-03-02 01:15:00,2021-03-03 01:15:00,fit,2,96
2021-03-03 01:15:00,2021-03-03 01:15:00,2021-02-25 01:15:00,2021-02-25 01:15:00,2021-03-03 01:15:00,2021-03-03 01:15:00,2021-03-03 01:15:00,2021-03-03 01:15:00,,,,2021-03-03 01:15:00,2021-03-04 01:15:00,fit,2,96
2021-03-04 01:15:00,2021-03-04 01:15:00,2021-02-26 01:15:00,2021-02-26 01:15:00,2021-03-04 01:15:00,2021-03-04 01:15:00,2021-03-04 01:15:00,2021-03-04 01:15:00,,,,2021-03-04 01:15:00,2021-03-05 01:15:00,fit,2,96
2021-03-07 01:15:00,2021-03-07 01:15:00,2021-03-01 01:15:00,2021-03-01 01:15:00,2021-03-07 01:15:00,2021-03-07 01:15:00,2021-03-07 01:15:00,2021-03-07 01:15:00,,,,2021-03-07 01:15:00,2021-03-08 01:15:00,fit,2,96
2021-03-08 01:15:00,2021-03-08 01:15:00,2021-03-02 01:15:00,2021-03-02 01:15:00,2021-03-08 01:15:00,2021-03-08 01:15:00,2021-03-08 01:15:00,2021-03-08 01:15:00,,,,2021-03-08 01:15:00,2021-03-09 01:15:00,fit,2,96
2021-03-09 01:15:00,2021-03-09 01:15:00,2021-03-03 01:15:00,2021-03-03 01:15:00,2021-03-09 01:15:00,2021-03-09 01:15:00,2021-03-09 01:15:00,2021-03-09 01:15:00,,,,2021-03-09 01:15:00,2021-03-10 01:15:00,fit,2,96
2021-03-10 01:15:00,2021-03-10 01:15:00,2021-03-04 01:15:00,2021-03-04 01:15:00,2021-03-10 01:15:00,2021-03-10 01:15:00,2021-03-10 01:15:00,2021-03-10 01:15:00,,,,2021-03-10 01:15:00,2021-03-11 01:15:00,fit,2,96
2021-03-11 01:15:00,2021-03-11 01:15:00,2021-03-05 01:15:00,2021-03-05 01:15:00,2021-03-11 01:15:00,2021-03-11 01:15:00,2021-03-11 01:15:00,2021-03-11 01:15:00,,,,2021-03-11 01:15:00,2021-03-12 01:15:00,fit,2,96
2021-03-14 01:15:00,2021-03-14 01:15:00,2021-03-08 01:15:00,2021-03-08 01:15:00,2021-03-14 01:15:00,2021-03-14 01:15:00,2021-03-14 01:15:00,2021-03-14 01:15:00,,,,2021-03-14 01:15:00,2021-03-15 01:15:00,fit,2,96
2021-03-15 01:15:00,2021-03-15 01:15:00,2021-03-09 01:15:00,2021-03-09 01:15:00,2021-03-15 01:15:00,2021-03-15 01:15:00,2021-03-15 01:15:00,2021-03-15 01:15:00,,,,2021-03-15 01:15:00,2021-03-16 01:15:00,fit,2,96
2021-03-16 01:15:00,2021-03-16 01:15:00,2021-03-10 01:15:00,2021-03-10 01:15:00,2021-03-16 01:15:00,2021-03-16 01:15:00,2021-03-16 01:15:00,2021-03-16 01:15:00,,,,2021-03-16 01:15:00,2021-03-17 01:15:00,fit,2,96
2021-03-17 01:15:00,2021-03-17 01:15:00,2021-03-11 01:15:00,2021-03-11 01:15:00,2021-03-17 01:15:00,2021-03-17 01:15:00,2021-03-17 01:15:00,2021-03-17 01:15:00,,,,2021-03-17 01:15:00,2021-03-18 01:15:00,fit,2,96
2021-03-18 01:15:00,2021-03-18 01:15:00,2021-03-12 01:15:00,2021-03-12 01:15:00,2021-03-18 01:15:00,2021-03-18 01:15:00,2021-03-18 01:15:00,2021-03-18 01:15:00,,,,2021-03-18 01:15:00,2021-03-19 01:15:00,fit,2,96
2021-03-21 01:15:00,2021-03-21 01:15:00,2021-03-15 01:15:00,2021-03-15 01:15:00,2021-03-21 01:15:00,2021-03-21 01:15:00,2021-03-21 01:15:00,2021-03-21 01:15:00,,,,2021-03-21 01:15:00,2021-03-22 01:15:00,fit,2,96
2021-03-22 01:15:00,2021-03-22 01:15:00,2021-03-16 01:15:00,2021-03-16 01:15:00,2021-03-22 01:15:00,2021-03-22 01:15:00,2021-03-22 01:15:00,2021-03-22 01:15:00,2021-03-21 08:15:00,,,2021-03-22 01:15:00,2021-03-23 01:15:00,fit,2,96
2021-03-23 01:15:00,2021-03-23 01:15:00,2021-03-17 01:15:00,2021-03-17 01:15:00,2021-03-23 01:15:00,2021-03-23 01:15:00,2021-03-23 01:15:00,2021-03-23 01:15:00,2021-03-21 08:15:00,,,2021-03-23 01:15:00,2021-03-24 01:15:00,fit,2,96
2021-03-24 01:15:00,2021-03-24 01:15:00,2021-03-18 01:15:00,2021-03-18 01:15:00,2021-03-24 01:15:00,2021-03-24 01:15:00,2021-03-24 01:15:00,2021-03-24 01:15:00,2021-03-21 08:15:00,,,2021-03-24 01:15:00,2021-03-25 01:15:00,fit,2,96
2021-03-25 01:15:00,2021-03-25 01:15:00,2021-03-19 01:15:00,2021-03-19 01:15:00,2021-03-25 01:15:00,2021-03-25 01:15:00,2021-03-25 01:15:00,2021-03-25 01:15:00,2021-03-21 08:15:00,,,2021-03-25 01:15:00,2021-03-26 01:15:00,fit,2,96
2021-03-28 01:15:00,2021-03-28 01:15:00,2021-03-22 01:15:00,2021-03-22 01:15:00,2021-03-28 01:15:00,2021-03-28 01:15:00,2021-03-28 01:15:00,2021-03-28 01:15:00,2021-03-21 08:15:00,,,2021-03-28 01:15:00,2021-03-29 01:15:00,fit,2,96
2021-03-29 01:15:00,2021-03-29 01:15:00,2021-03-23 01:15:00,2021-03-23 01:15:00,2021-03-29 01:15:00,2021-03-29 01:15:00,2021-03-29 01:15:00,2021-03-29 01:15:00,2021-03-28 08:15:00,,,2021-03-29 01:15:00,2021-03-30 01:15:00,fit,2,96
2021-03-30 01:15:00,2021-03-30 01:15:00,2021-03-24 01:15:00,2021-03-24 01:15:00,2021-03-30 01:15:00,2021-03-30 01:15:00,2021-03-30 01:15:00,2021-03-30 01:15:00,2021-03-28 08:15:00,,,2021-03-30 01:15:00,2021-03-31 01:15:00,fit,2,96
2021-03-31 01:15:00,2021-03-31 01:15:00,2021-03-25 01:15:00,2021-03-25 01:15:00,2021-03-31 01:15:00,2021-03-31 01:15:00,2021-03-31 01:15:00,2021-03-31 01:15:00,2021-03-28 08:15:00,,,2021-03-31 01:15:00,2021-04-01 01:15:00,fit,2,96
2021-04-01 01:15:00,2021-04-01 01:15:00,2021-03-26 01:15:00,2021-03-26 01:15:00,2021-04-01 01:15:00,2021-04-01 01:15:00,2021-04-01 01:15:00,2021-04-01 01:15:00,2021-03-28 08:15:00,,,2021-04-01 01:15:00,2021-04-02 01:15:00,fit,2,96
2021-04-04 01:15:00,2021-04-04 01:15:00,2021-03-29 01:15:00,2021-03-29 01:15:00,2021-04-04 01:15:00,2021-04-04 01:15:00,2021-04-04 01:15:00,2021-04-04 01:15:00,2021-04-01 07:45:00,,,2021-04-04 01:15:00,2021-04-05 01:15:00,fit,2,96
2021-04-05 01:15:00,2021-04-05 01:15:00,2021-03-30 01:15:00,2021-03-30 01:15:00,2021-04-05 01:15:00,2021-04-05 01:15:00,2021-04-05 01:15:00,2021-04-05 01:15:00,2021-04-01 07:45:00,,,2021-04-05 01:15:00,2021-04-06 01:15:00,fit,2,96
2021-04-06 01:15:00,2021-04-06 01:15:00,2021-03-31 01:15:00,2021-03-31 01:15:00,2021-04-06 01:15:00,2021-04-06 01:15:00,2021-04-06 01:15:00,2021-04-06 01:15:00,2021-04-05 07:45:00,,,2021-04-06 01:15:00,2021-04-07 01:15:00,fit,2,96
2021-04-07 01:15:00,2021-04-07 01:15:00,2021-04-01 01:15:00,2021-04-01 01:15:00,2021-04-07 01:15:00,2021-04-07 01:15:00,2021-04-07 01:15:00,2021-04-07 01:15:00,2021-04-05 07:45:00,,,2021-04-07 01:15:00,2021-04-08 01:15:00,fit,2,96
2021-04-08 01:15:00,2021-04-08 01:15:00,2021-04-02 01:15:00,2021-04-02 01:15:00,2021-04-08 01:15:00,2021-04-08 01:15:00,2021-04-08 01:15:00,2021-04-08 01:15:00,2021-04-05 07:45:00,,,2021-04-08 01:15:00,2021-04-09 01:15:00,fit,2,96
2021-04-11 01:15:00,2021-04-11 01:15:00,2021-04-05 01:15:00,2021-04-05 01:15:00,2021-04-11 01:15:00,2021-04-11 01:15:00,2021-04-11 01:15:00,2021-04-11 01:15:00,2021-04-05 07:45:00,,,2021-04-11 01:15:00,2021-04-12 01:15:00,fit,2,96
2021-04-12 01:15:00,2021-04-12 01:15:00,2021-04-06 01:15:00,2021-04-06 01:15:00,2021-04-12 01:15:00,2021-04-12 01:15:00,2021-04-12 01:15:00,2021-04-12 01:15:00,2021-04-05 07:45:00,,,2021-04-12 01:15:00,2021-04-13 01:15:00,fit,2,96
2021-04-13 01:15:00,2021-04-13 01:15:00,2021-04-07 01:15:00,2021-04-07 01:15:00,2021-04-13 01:15:00,2021-04-13 01:15:00,2021-04-13 01:15:00,2021-04-13 01:15:00,2021-04-05 07:45:00,,,2021-04-13 01:15:00,2021-04-14 01:15:00,fit,2,96
2021-04-14 01:15:00,2021-04-14 01:15:00,2021-04-08 01:15:00,2021-04-08 01:15:00,2021-04-14 01:15:00,2021-04-14 01:15:00,2021-04-14 01:15:00,2021-04-14 01:15:00,2021-04-05 07:45:00,,,2021-04-14 01:15:00,2021-04-15 01:15:00,fit,2,96
2021-04-15 01:15:00,2021-04-15 01:15:00,2021-04-09 01:15:00,2021-04-09 01:15:00,2021-04-15 01:15:00,2021-04-15 01:15:00,2021-04-15 01:15:00,2021-04-15 01:15:00,2021-04-05 07:45:00,,,2021-04-15 01:15:00,2021-04-16 01:15:00,fit,2,96
2021-04-18 01:15:00,2021-04-18 01:15:00,2021-04-12 01:15:00,2021-04-12 01:15:00,2021-04-18 01:15:00,2021-04-18 01:15:00,2021-04-18 01:15:00,2021-04-18 01:15:00,2021-04-17 01:15:00,,,2021-04-18 01:15:00,2021-04-19 01:15:00,fit,2,96
2021-04-19 01:15:00,2021-04-19 01:15:00,2021-04-13 01:15:00,2021-04-13 01:15:00,2021-04-19 01:15:00,2021-04-19 01:15:00,2021-04-19 01:15:00,2021-04-19 01:15:00,2021-04-17 01:15:00,,,2021-04-19 01:15:00,2021-04-20 01:15:00,fit,2,96
2021-04-20 01:15:00,2021-04-20 01:15:00,2021-04-14 01:15:00,2021-04-14 01:15:00,2021-04-20 01:15:00,2021-04-20 01:15:00,2021-04-20 01:15:00,2021-04-20 01:15:00,2021-04-19 08:00:00,,,2021-04-20 01:15:00,2021-04-21 01:15:00,fit,2,96
2021-04-21 01:15:00,2021-04-21 01:15:00,2021-04-15 01:15:00,2021-04-15 01:15:00,2021-04-21 01:15:00,2021-04-21 01:15:00,2021-04-21 01:15:00,2021-04-21 01:15:00,2021-04-20 08:00:00,,,2021-04-21 01:15:00,2021-04-22 01:15:00,fit,2,96
2021-04-22 01:15:00,2021-04-22 01:15:00,2021-04-16 01:15:00,2021-04-16 01:15:00,2021-04-22 01:15:00,2021-04-22 01:15:00,2021-04-22 01:15:00,2021-04-22 01:15:00,2021-04-20 08:00:00,,,2021-04-22 01:15:00,2021-04-23 01:15:00,fit,2,96
2021-04-25 01:15:00,2021-04-25 01:15:00,2021-04-19 01:15:00,2021-04-19 01:15:00,2021-04-25 01:15:00,2021-04-25 01:15:00,2021-04-25 01:15:00,2021-04-25 01:15:00,2021-04-24 01:15:00,,,2021-04-25 01:15:00,2021-04-26 01:15:00,fit,2,96
2021-04-26 01:15:00,2021-04-26 01:15:00,2021-04-20 01:15:00,2021-04-20 01:15:00,2021-04-26 01:15:00,2021-04-26 01:15:00,2021-04-26 01:15:00,2021-04-26 01:15:00,2021-04-24 01:15:00,,,2021-04-26 01:15:00,2021-04-27 01:15:00,fit,2,96
2021-04-27 01:15:00,2021-04-27 01:15:00,2021-04-21 01:15:00,2021-04-21 01:15:00,2021-04-27 01:15:00,2021-04-27 01:15:00,2021-04-27 01:15:00,2021-04-27 01:15:00,2021-04-24 01:15:00,,,2021-04-27 01:15:00,2021-04-28 01:15:00,fit,2,96
2021-04-28 01:15:00,2021-04-28 01:15:00,2021-04-22 01:15:00,2021-04-22 01:15:00,2021-04-28 01:15:00,2021-04-28 01:15:00,2021-04-28 01:15:00,2021-04-28 01:15:00,2021-04-24 01:15:00,,,2021-04-28 01:15:00,2021-04-29 01:15:00,fit,2,96
2021-04-29 01:15:00,2021-04-29 01:15:00,2021-04-23 01:15:00,2021-04-23 01:15:00,2021-04-29 01:15:00,2021-04-29 01:15:00,2021-04-29 01:15:00,2021-04-29 01:15:00,2021-04-24 01:15:00,,,2021-04-29 01:15:00,2021-04-30 01:15:00,fit,2,96
2021-05-02 01:15:00,2021-05-02 01:15:00,2021-04-26 01:15:00,2021-04-26 01:15:00,2021-05-02 01:15:00,2021-05-02 01:15:00,2021-05-02 01:15:00,2021-05-02 01:15:00,2021-04-24 01:15:00,,,2021-05-02 01:15:00,2021-05-03 01:15:00,fit,2,96
2021-05-03 01:15:00,2021-05-03 01:15:00,2021-04-27 01:15:00,2021-04-27 01:15:00,2021-05-03 01:15:00,2021-05-03 01:15:00,2021-05-03 01:15:00,2021-05-03 01:15:00,2021-04-24 01:15:00,,,2021-05-03 01:15:00,2021-05-04 01:15:00,fit,2,96
2021-05-05 01:15:00,2021-05-05 01:15:00,2021-04-29 01:15:00,2021-04-29 01:15:00,2021-05-05 01:15:00,2021-05-05 01:15:00,2021-05-05 01:15:00,2021-05-05 01:15:00,2021-05-05 01:15:00,,,2021-05-05 01:15:00,2021-05-06 01:15:00,fit,2,96
2021-05-06 01:15:00,2021-05-06 01:15:00,2021-04-30 01:15:00,2021-04-30 01:15:00,2021-05-06 01:15:00,2021-05-06 01:15:00,2021-05-06 01:15:00,2021-05-06 01:15:00,2021-05-05 01:15:00,,,2021-05-06 01:15:00,2021-05-07 01:15:00,fit,2,96
2021-05-09 01:15:00,2021-05-09 01:15:00,2021-05-03 01:15:00,2021-05-03 01:15:00,2021-05-09 01:15:00,2021-05-09 01:15:00,2021-05-09 01:15:00,2021-05-09 01:15:00,2021-05-08 01:15:00,,,2021-05-09 01:15:00,2021-05-10 01:15:00,fit,2,96
2021-05-10 01:15:00,2021-05-10 01:15:00,2021-05-04 01:15:00,2021-05-04 01:15:00,2021-05-10 01:15:00,2021-05-10 01:15:00,2021-05-10 01:15:00,2021-05-10 01:15:00,2021-05-09 08:00:00,,,2021-05-10 01:15:00,2021-05-11 01:15:00,fit,2,96
2021-05-11 01:15:00,2021-05-11 01:15:00,2021-05-05 01:15:00,2021-05-05 01:15:00,2021-05-11 01:15:00,2021-05-11 01:15:00,2021-05-11 01:15:00,2021-05-11 01:15:00,2021-05-10 08:00:00,,,2021-05-11 01:15:00,2021-05-12 01:15:00,fit,2,96
2021-05-12 01:15:00,2021-05-12 01:15:00,2021-05-06 01:15:00,2021-05-06 01:15:00,2021-05-12 01:15:00,2021-05-12 01:15:00,2021-05-12 01:15:00,2021-05-12 01:15:00,2021-05-12 01:15:00,,,2021-05-12 01:15:00,2021-05-13 01:15:00,fit,2,96
2021-05-13 01:15:00,2021-05-13 01:15:00,2021-05-07 01:15:00,2021-05-07 01:15:00,2021-05-13 01:15:00,2021-05-13 01:15:00,2021-05-13 01:15:00,2021-05-13 01:15:00,2021-05-12 01:15:00,,,2021-05-13 01:15:00,2021-05-14 01:15:00,fit,2,96
2021-05-16 01:15:00,2021-05-16 01:15:00,2021-05-10 01:15:00,2021-05-10 01:15:00,2021-05-16 01:15:00,2021-05-16 01:15:00,2021-05-16 01:15:00,2021-05-16 01:15:00,2021-05-12 01:15:00,,,2021-05-16 01:15:00,2021-05-17 01:15:00,fit,2,96
2021-05-17 01:15:00,2021-05-17 01:15:00,2021-05-11 01:15:00,2021-05-11 01:15:00,2021-05-17 01:15:00,2021-05-17 01:15:00,2021-05-17 01:15:00,2021-05-17 01:15:00,2021-05-12 01:15:00,,,2021-05-17 01:15:00,2021-05-18 01:15:00,fit,2,96
2021-05-19 01:15:00,2021-05-19 01:15:00,2021-05-13 01:15:00,2021-05-13 01:15:00,2021-05-19 01:15:00,2021-05-19 01:15:00,2021-05-19 01:15:00,2021-05-19 01:15:00,2021-05-17 08:15:00,,,2021-05-19 01:15:00,2021-05-20 01:15:00,fit,2,96
2021-05-20 01:15:00,2021-05-20 01:15:00,2021-05-14 01:15:00,2021-05-14 01:15:00,2021-05-20 01:15:00,2021-05-20 01:15:00,2021-05-20 01:15:00,2021-05-20 01:15:00,2021-05-17 08:15:00,,,2021-05-20 01:15:00,2021-05-21 01:15:00,fit,2,96
2021-07-08 01:15:00,2021-07-08 01:15:00,2021-07-02 01:15:00,2021-07-02 01:15:00,2021-05-22 17:00:00,2021-05-22 17:00:00,2021-07-08 01:15:00,2021-07-08 01:15:00,2021-07-05 08:00:00,,,2021-07-08 01:15:00,2021-07-09 01:15:00,score,2,96
2021-07-11 01:15:00,2021-07-11 01:15:00,2021-07-05 01:15:00,2021-07-05 01:15:00,2021-05-22 17:00:00,2021-05-22 17:00:00,2021-07-11 01:15:00,2021-07-11 01:15:00,2021-07-05 08:00:00,,,2021-07-11 01:15:00,2021-07-12 01:15:00,score,2,96
2021-08-01 01:15:00,2021-08-01 01:15:00,2021-07-26 01:15:00,2021-07-26 01:15:00,2021-05-22 17:00:00,2021-05-22 17:00:00,2021-08-01 01:15:00,2021-08-01 01:15:00,2021-07-29 01:15:00,,,2021-08-01 01:15:00,2021-08-02 01:15:00,score,2,96
2021-08-02 01:15:00,2021-08-02 01:15:00,2021-07-27 01:15:00,2021-07-27 01:15:00,2021-05-22 17:00:00,2021-05-22 17:00:00,2021-08-02 01:15:00,2021-08-02 01:15:00,2021-07-29 01:15:00,,,2021-08-02 01:15:00,2021-08-03 01:15:00,score,2,96
2021-08-03 01:15:00,2021-08-03 01:15:00,2021-07-28 01:15:00,2021-07-28 01:15:00,2021-05-22 17:00:00,2021-05-22 17:00:00,2021-08-03 01:15:00,2021-08-03 01:15:00,2021-07-29 01:15:00,,,2021-08-03 01:15:00,2021-08-04 01:15:00,score,2,96
2021-08-04 01:15:00,2021-08-04 01:15:00,2021-07-29 01:15:00,2021-07-29 01:15:00,2021-05-22 17:00:00,2021-05-22 17:00:00,2021-08-04 01:15:00,2021-08-04 01:15:00,2021-07-29 01:15:00,,,2021-08-04 01:15:00,2021-08-05 01:15:00,score,2,96
2021-08-05 01:15:00,2021-08-05 01:15:00,2021-07-30 01:15:00,2021-07-30 01:15:00,2021-05-22 17:00:00,2021-05-22 17:00:00,2021-08-05 01:15:00,2021-08-05 01:15:00,2021-07-29 01:15:00,,,2021-08-05 01:15:00,2021-08-06 01:15:00,score,2,96
2021-08-08 01:15:00,2021-08-08 01:15:00,2021-08-02 01:15:00,2021-08-02 01:15:00,2021-05-22 17:00:00,2021-05-22 17:00:00,2021-08-08 01:15:00,2021-08-08 01:15:00,2021-07-29 01:15:00,,,2021-08-08 01:15:00,2021-08-09 01:15:00,score,2,96
