analysis,horizon,fold,day_type,slot,restart,n,peak_n,cbl_mae,lgbm_mae,error_diff_lgbm_minus_cbl
A4,16,0,offday,0,False,9,0,2.9074074074074066,7.810515600052399,4.903108192644994
A4,16,0,offday,1,False,9,0,21.72222222222222,7.774919207863385,-13.947303014358837
A4,16,0,offday,2,False,9,0,20.63888888888889,5.8041044547768905,-14.834784434112
A4,16,0,offday,3,False,9,0,21.88888888888889,6.377395442624122,-15.511493446264767
A4,16,0,offday,4,False,9,0,20.805555555555557,10.571826192605636,-10.23372936294992
A4,16,0,offday,5,False,9,0,36.02777777777778,13.579210189504115,-22.44856758827366
A4,16,0,offday,6,False,9,0,38.27777777777778,12.660142245643474,-25.617635532134305
A4,16,0,offday,7,False,9,0,43.47222222222222,16.586865398746056,-26.885356823476165
A4,16,0,offday,8,False,9,0,45.833333333333336,15.73555505009814,-30.097778283235193
A4,16,0,offday,9,False,9,0,43.5,13.747754800559326,-29.75224519944068
A4,16,0,offday,10,False,9,0,43.22222222222222,13.752830403921362,-29.46939181830086
A4,16,0,offday,11,False,9,0,39.361111111111114,14.990261676044298,-24.370849435066813
A4,16,0,offday,12,False,9,0,40.861111111111114,12.4695824195929,-28.39152869151821
A4,16,0,offday,13,False,9,0,33.861111111111114,10.46940909229912,-23.391702018811994
A4,16,0,offday,14,False,9,0,43.94444444444444,14.023763517592153,-29.92068092685229
A4,16,0,offday,15,False,9,0,42.75,12.111072543758244,-30.638927456241756
A4,16,0,offday,16,False,9,0,43.083333333333336,10.744557322364,-32.338776010969326
A4,16,0,offday,17,False,9,0,47.05555555555556,14.36718001716391,-32.68837553839165
A4,16,0,offday,18,False,9,0,46.22222222222222,12.798195030864818,-33.4240271913574
A4,16,0,offday,19,False,9,0,43.44444444444444,12.487701106920909,-30.956743337523537
A4,16,0,offday,20,False,9,0,38.611111111111114,8.04992171608266,-30.56118939502845
A4,16,0,offday,21,False,9,0,30.13888888888889,9.790960685645524,-20.347928203243367
A4,16,0,offday,22,False,9,0,27.88888888888889,13.250301453144026,-14.638587435744865
A4,16,0,offday,23,False,9,0,39.22222222222222,8.98101249903408,-30.241209723188142
A4,16,0,offday,24,False,9,0,41.0,12.299695580668839,-28.700304419331164
A4,16,0,offday,25,False,9,0,46.27777777777778,12.78667793927937,-33.49109983849841
A4,16,0,offday,26,False,9,0,45.138888888888886,11.565573732590154,-33.57331515629873
A4,16,0,offday,27,False,9,0,42.888888888888886,9.576223295223048,-33.31266559366584
A4,16,0,offday,28,False,9,0,38.27777777777778,7.461980666609492,-30.81579711116829
A4,16,0,offday,29,False,9,0,36.02777777777778,9.737751408494237,-26.29002636928354
A4,16,0,offday,30,False,9,0,30.72222222222222,12.915266648675624,-17.8069555735466
A4,16,0,offday,31,False,9,0,16.02777777777778,27.289853645403824,11.262075867626047
A4,16,0,offday,32,False,9,0,15.0,40.23013810317401,25.23013810317401
A4,16,0,offday,33,False,9,0,16.77777777777778,51.87668744503628,35.0989096672585
A4,16,0,offday,34,False,9,1,20.13888888888889,50.71132532067502,30.572436431786134
A4,16,0,offday,35,False,9,1,20.47222222222222,48.199052480973954,27.72683025875173
A4,16,0,offday,36,False,9,1,18.916666666666668,44.69227529457937,25.7756086279127
A4,16,0,offday,37,False,9,0,16.97222222222222,41.170317421921226,24.198095199699004
A4,16,0,offday,38,False,9,0,16.555555555555557,42.98160390648533,26.426048350929776
A4,16,0,offday,39,False,9,0,15.88888888888889,38.60263795255735,22.713749063668462
A4,16,0,offday,40,False,9,0,15.027777777777779,43.6797670189103,28.65198924113252
A4,16,0,offday,41,False,9,0,12.472222222222221,51.029018208269385,38.55679598604716
A4,16,0,offday,42,False,9,0,17.194444444444443,49.24585199682825,32.05140755238381
A4,16,0,offday,43,False,9,0,17.22222222222222,46.3565573354915,29.13433511326928
A4,16,0,offday,44,False,9,0,17.25,43.0721997597179,25.82219975971789
A4,16,0,offday,45,False,9,0,17.944444444444443,42.62180477898835,24.677360334543906
A4,16,0,offday,46,False,9,0,16.61111111111111,38.503239990133665,21.89212887902256
A4,16,0,offday,47,False,9,0,18.916666666666668,26.060490982158115,7.143824315491447
A4,16,0,offday,48,False,9,0,16.72222222222222,13.511761119115787,-3.2104611031064345
A4,16,0,offday,49,False,9,0,11.027777777777779,5.166582256573197,-5.86119552120458
A4,16,0,offday,50,False,9,0,8.722222222222221,6.061711483694903,-2.6605107385273197
A4,16,0,offday,51,False,9,0,9.472222222222221,6.374065723897835,-3.0981564983243874
A4,16,0,offday,52,False,9,0,12.527777777777779,9.382377852225343,-3.1453999255524345
A4,16,0,offday,53,False,9,0,15.694444444444445,12.996320973035212,-2.6981234714092324
A4,16,0,offday,54,False,9,0,16.055555555555557,13.010064600141343,-3.045490955414212
A4,16,0,offday,55,False,9,0,16.52777777777778,13.322668241004234,-3.2051095367735436
A4,16,0,offday,56,False,9,0,16.805555555555557,14.018850280883388,-2.7867052746721677
A4,16,0,offday,57,False,9,0,15.805555555555555,10.117701714368183,-5.687853841187373
A4,16,0,offday,58,False,9,0,15.61111111111111,13.651594029443396,-1.959517081667714
A4,16,0,offday,59,False,9,0,16.86111111111111,14.518627354684188,-2.3424837564269247
A4,16,0,offday,60,False,9,0,16.5,10.44805406569621,-6.051945934303788
A4,16,0,offday,61,False,9,0,14.055555555555555,8.033161553384865,-6.02239400217069
A4,16,0,offday,62,False,9,0,15.333333333333334,9.39883138154167,-5.934501951791663
A4,16,0,offday,63,False,9,0,15.222222222222221,10.852349552993006,-4.369872669229216
A4,16,0,offday,64,False,9,0,14.583333333333334,8.42538794678144,-6.157945386551893
A4,16,0,offday,65,False,9,0,14.75,10.102856008003648,-4.647143991996352
A4,16,0,offday,66,False,9,0,15.194444444444445,9.36705607001319,-5.827388374431255
A4,16,0,offday,67,False,9,0,15.86111111111111,9.566948176873849,-6.294162934237262
A4,16,0,offday,68,False,9,0,16.694444444444443,5.787196241796378,-10.907248202648066
A4,16,0,offday,69,False,9,0,11.055555555555555,4.997915439716839,-6.0576401158387165
A4,16,0,offday,70,False,9,0,10.472222222222221,4.476383411651347,-5.995838810570875
A4,16,0,offday,71,False,9,0,16.25,10.02381839200293,-6.226181607997068
A4,16,0,offday,72,False,9,0,14.444444444444445,7.96257867148022,-6.481865772964225
A4,16,0,offday,73,False,9,0,16.333333333333332,8.200384361908199,-8.132948971425133
A4,16,0,offday,74,False,9,0,18.77777777777778,7.770742830983142,-11.007034946794636
A4,16,0,offday,75,False,9,0,16.86111111111111,9.276370957563092,-7.58474015354802
A4,16,0,offday,76,False,9,0,16.47222222222222,9.780743941430972,-6.69147828079125
A4,16,0,offday,77,False,9,0,15.916666666666666,9.979901029876153,-5.936765636790513
A4,16,0,offday,78,False,9,0,15.027777777777779,9.0462828201532,-5.981494957624578
A4,16,0,offday,79,False,9,0,14.777777777777779,9.101074762326007,-5.67670301545177
A4,16,0,offday,80,False,9,0,11.472222222222221,6.730020994054684,-4.742201228167539
A4,16,0,offday,81,False,9,0,11.5,6.331364031887996,-5.168635968112004
A4,16,0,offday,82,False,9,0,12.083333333333334,6.4445496979143035,-5.6387836354190295
A4,16,0,offday,83,False,9,0,10.305555555555555,8.02091364265852,-2.2846419128970346
A4,16,0,offday,84,False,9,0,11.805555555555555,6.620726791935695,-5.18482876361986
A4,16,0,offday,85,False,9,0,12.416666666666666,6.983976602000383,-5.432690064666284
A4,16,0,offday,86,False,9,0,13.527777777777779,6.089110251143105,-7.4386675266346725
A4,16,0,offday,87,False,9,0,12.61111111111111,5.255798536491226,-7.355312574619884
A4,16,0,offday,88,False,9,0,12.166666666666666,4.5595366897373175,-7.6071299769293494
A4,16,0,offday,89,False,9,0,8.944444444444445,5.579409811711572,-3.365034632732873
A4,16,0,offday,90,False,9,0,11.833333333333334,5.361548717620108,-6.471784615713225
A4,16,0,offday,91,False,9,0,11.694444444444445,5.174419612080712,-6.520024832363733
A4,16,0,offday,92,False,9,0,12.305555555555555,7.046461723607982,-5.259093831947573
A4,16,0,offday,93,False,9,0,10.694444444444445,6.296100294426515,-4.398344150017929
A4,16,0,offday,94,False,9,0,10.333333333333334,7.058410492193079,-3.274922841140255
A4,16,0,offday,95,False,9,0,10.75,6.915874492128956,-3.834125507871044
A4,16,0,workday,0,False,20,0,5.966666666666667,7.576251093324123,1.6095844266574553
A4,16,0,workday,1,False,20,0,15.716666666666672,18.12998964300598,2.413322976339317
A4,16,0,workday,2,False,20,0,13.95,17.79598697812428,3.845986978124278
A4,16,0,workday,3,False,20,0,13.816666666666666,16.375565970726857,2.5588993040601933
A4,16,0,workday,4,False,20,0,13.2,18.06302468179074,4.863024681790736
A4,16,0,workday,5,False,20,0,22.116666666666667,21.25239613995183,-0.8642705267148341
A4,16,0,workday,6,False,20,0,28.375,27.546895161585553,-0.8281048384144544
A4,16,0,workday,7,False,20,0,28.758333333333336,28.641735487257392,-0.11659784607594581
A4,16,0,workday,8,False,20,0,28.74999999999999,29.36436210124004,0.6143621012400363
A4,16,0,workday,9,False,20,0,29.241666666666667,29.499690369643844,0.2580237029771883
A4,16,0,workday,10,False,20,0,30.475,29.08356781975261,-1.3914321802473886
A4,16,0,workday,11,False,20,0,29.45,28.289727049076653,-1.1602729509233463
A4,16,0,workday,12,False,20,0,26.508333333333333,30.898477276362932,4.390143943029594
A4,16,0,workday,13,False,20,0,22.066666666666666,24.682313430956004,2.615646764289336
A4,16,0,workday,14,False,20,0,27.775000000000006,31.87349536964532,4.0984953696453195
A4,16,0,workday,15,False,20,0,28.641666666666662,32.032140595333125,3.3904739286664594
A4,16,0,workday,16,False,20,0,28.733333333333338,28.303483165282803,-0.42985016805053
A4,16,0,workday,17,False,20,0,26.849999999999994,16.90695144431066,-9.943048555689336
A4,16,0,workday,18,False,20,0,28.975,18.136447849157364,-10.83855215084264
A4,16,0,workday,19,False,20,0,29.23333333333333,17.182158100202503,-12.051175233130834
A4,16,0,workday,20,False,20,0,30.850000000000005,16.98096139802281,-13.869038601977191
A4,16,0,workday,21,False,20,0,21.333333333333336,8.53491252561121,-12.798420807722122
A4,16,0,workday,22,False,20,0,17.59166666666667,9.880253153383757,-7.711413513282912
A4,16,0,workday,23,False,20,0,26.066666666666663,9.858996146196215,-16.20767052047045
A4,16,0,workday,24,False,20,0,29.891666666666673,13.267318091070118,-16.624348575596553
A4,16,0,workday,25,False,20,0,28.291666666666664,11.143847268749457,-17.147819397917207
A4,16,0,workday,26,False,20,0,28.391666666666662,11.768341155976579,-16.62332551069009
A4,16,0,workday,27,False,20,0,28.933333333333326,11.922880049875957,-17.010453283457373
A4,16,0,workday,28,False,20,0,28.48333333333333,12.12018228762991,-16.363151045703425
A4,16,0,workday,29,False,20,0,26.183333333333326,9.209019761873515,-16.974313571459817
A4,16,0,workday,30,False,20,0,25.641666666666662,9.900638068984323,-15.74102859768234
A4,16,0,workday,31,False,19,0,22.324561403508767,28.100384587370915,5.775823183862141
A4,16,0,workday,31,True,1,0,60.0,16.709001196792556,-43.290998803207444
A4,16,0,workday,32,False,20,0,13.466666666666663,34.44558033804167,20.978913671375008
A4,16,0,workday,33,False,20,0,6.058333333333332,46.30794432709918,40.24961099376585
A4,16,0,workday,34,False,19,5,5.956140350877194,55.87573848852704,49.91959813764985
A4,16,0,workday,35,False,19,6,10.982456140350878,57.24778169549175,46.265325555140876
A4,16,0,workday,36,False,19,6,11.692982456140353,53.12171010675217,41.42872765061181
A4,16,0,workday,37,False,19,2,5.394736842105263,44.72146010046025,39.326723258354995
A4,16,0,workday,38,False,19,2,11.824561403508772,44.24726250064132,32.422701097132546
A4,16,0,workday,39,False,19,2,7.894736842105263,46.4938480261757,38.59911118407044
A4,16,0,workday,40,False,19,2,10.201754385964911,44.30720692101356,34.10545253504864
A4,16,0,workday,41,False,19,0,5.798245614035089,31.197666186034528,25.399420571999443
A4,16,0,workday,42,False,19,0,8.228070175438594,48.09673268373393,39.868662508295344
A4,16,0,workday,43,False,19,0,4.5175438596491215,48.156100761695285,43.63855690204616
A4,16,0,workday,44,False,19,1,4.964912280701752,54.03632758328453,49.07141530258277
A4,16,0,workday,45,False,19,1,3.6052631578947385,49.35232822793484,45.747065070040115
A4,16,0,workday,46,False,19,1,5.561403508771929,41.7145288792189,36.15312537044696
A4,16,0,workday,47,False,19,1,6.570175438596489,23.95563714251192,17.385461703915432
A4,16,0,workday,48,False,19,1,9.666666666666668,19.438566520121192,9.771899853454524
A4,16,0,workday,49,False,19,0,4.070175438596484,8.088661772095037,4.018486333498553
A4,16,0,workday,50,False,19,0,6.815789473684211,12.955624106809395,6.139834633125185
A4,16,0,workday,51,False,19,0,6.938596491228071,11.772187460528833,4.833590969300763
A4,16,0,workday,52,False,19,0,9.28947368421053,12.048897583389849,2.759423899179318
A4,16,0,workday,53,False,19,4,14.82456140350877,28.284468887199225,13.45990748369045
A4,16,0,workday,54,False,19,4,11.070175438596491,27.281598899554524,16.211423460958034
A4,16,0,workday,55,False,19,3,8.631578947368423,27.40359518513219,18.772016237763765
A4,16,0,workday,56,False,19,2,6.315789473684208,28.43240419070858,22.116614717024376
A4,16,0,workday,57,False,19,0,6.087719298245612,30.90602995053417,24.81831065228855
A4,16,0,workday,58,False,19,0,7.4824561403508785,27.370191692555206,19.887735552204322
A4,16,0,workday,59,False,19,0,4.105263157894738,26.06924290802497,21.963979750130232
A4,16,0,workday,60,False,19,1,7.4298245614035086,29.9099185441405,22.480093982736992
A4,16,0,workday,61,False,19,0,4.736842105263161,9.911736075497311,5.1748939702341525
A4,16,0,workday,62,False,19,0,10.780701754385962,24.772000722032082,13.991298967646117
A4,16,0,workday,63,False,19,3,10.078947368421055,25.927647020619748,15.848699652198691
A4,16,0,workday,64,False,19,0,9.877192982456142,22.272001257290018,12.394808274833878
A4,16,0,workday,65,False,19,0,8.798245614035087,24.259982476594807,15.461736862559723
A4,16,0,workday,66,False,19,0,8.359649122807017,24.27592041506605,15.916271292259033
A4,16,0,workday,67,False,19,0,6.850877192982459,18.760670136416,11.909792943433544
A4,16,0,workday,68,False,19,0,6.385964912280702,23.0790354573307,16.693070545049995
A4,16,0,workday,69,False,19,0,3.368421052631576,8.947198344715275,5.578777292083699
A4,16,0,workday,70,False,19,0,6.315789473684211,11.44839730748377,5.132607833799558
A4,16,0,workday,71,False,19,0,11.745614035087721,16.00258192169074,4.256967886603021
A4,16,0,workday,72,False,19,0,10.570175438596493,16.90534212533652,6.3351666867400285
A4,16,0,workday,73,False,19,0,10.745614035087721,22.879465465361502,12.133851430273783
A4,16,0,workday,74,False,19,0,9.81578947368421,30.309967052594,20.494177578909788
A4,16,0,workday,75,False,19,0,11.280701754385964,23.570178233009063,12.289476478623094
A4,16,0,workday,76,False,19,0,15.026315789473685,26.894651134945033,11.868335345471348
A4,16,0,workday,77,False,19,0,17.31578947368421,22.05103694351634,4.735247469832127
A4,16,0,workday,78,False,19,0,17.614035087719298,25.45290153431296,7.838866446593659
A4,16,0,workday,79,False,19,0,17.561403508771935,22.09866577876681,4.53726226999488
A4,16,0,workday,80,False,19,0,8.771929824561402,9.383280967522765,0.6113511429613636
A4,16,0,workday,81,False,19,0,6.052631578947374,10.049001281487921,3.9963697025405467
A4,16,0,workday,82,False,19,0,7.32456140350877,7.991418160112696,0.6668567566039268
A4,16,0,workday,83,False,19,0,8.649122807017548,10.49476585355341,1.8456430465358595
A4,16,0,workday,84,False,19,0,11.219298245614032,11.972525328214784,0.75322708260075
A4,16,0,workday,85,False,19,0,7.692982456140343,7.3779274265891,-0.315055029551243
A4,16,0,workday,86,False,19,0,6.921052631578938,7.972935489589385,1.0518828580104456
A4,16,0,workday,87,False,20,0,5.716666666666666,6.904004539225585,1.1873378725589183
A4,16,0,workday,88,False,20,0,4.808333333333328,5.6145071832964,0.8061738499630714
A4,16,0,workday,89,False,20,0,4.883333333333334,10.919876215136707,6.036542881803373
A4,16,0,workday,90,False,20,0,7.999999999999997,8.466293418270098,0.4662934182701008
A4,16,0,workday,91,False,20,0,4.358333333333334,6.388199594460006,2.0298662611266716
A4,16,0,workday,92,False,20,0,4.816666666666668,6.954966766782403,2.1383001001157345
A4,16,0,workday,93,False,20,0,7.525000000000006,7.524575158153482,-0.0004248418465252257
A4,16,0,workday,94,False,20,0,5.991666666666669,9.05124047251645,3.0595738058497837
A4,16,0,workday,95,False,20,0,5.05,8.069814590596014,3.0198145905960123
A4,16,1,offday,0,False,9,0,3.675925925925927,10.412106756553817,6.736180830627887
A4,16,1,offday,1,False,9,0,23.166666666666668,6.727379340517469,-16.4392873261492
A4,16,1,offday,2,False,9,0,21.805555555555557,5.627499739643636,-16.178055815911918
A4,16,1,offday,3,False,9,0,20.833333333333332,5.681873407935168,-15.151459925398164
A4,16,1,offday,4,False,9,0,20.666666666666668,6.351080036856853,-14.315586629809811
A4,16,1,offday,5,False,8,0,36.65625,11.057186089336014,-25.599063910663986
A4,16,1,offday,5,True,1,0,37.0,9.947932145016722,-27.052067854983278
A4,16,1,offday,6,False,9,0,41.861111111111114,14.16310029043642,-27.698010820674693
A4,16,1,offday,7,False,9,0,44.861111111111114,15.983450740026557,-28.877660371084556
A4,16,1,offday,8,False,9,0,44.861111111111114,13.293942326332333,-31.567168784778783
A4,16,1,offday,9,False,9,0,43.416666666666664,11.966479934374755,-31.45018673229191
A4,16,1,offday,10,False,9,0,39.5,9.322442140256436,-30.177557859743565
A4,16,1,offday,11,False,9,0,40.083333333333336,11.263665700850321,-28.81966763248301
A4,16,1,offday,12,False,9,0,43.861111111111114,11.818815249171488,-32.04229586193962
A4,16,1,offday,13,False,9,0,35.77777777777778,11.81701824135066,-23.960759536427116
A4,16,1,offday,14,False,9,0,43.916666666666664,12.036428113988626,-31.88023855267804
A4,16,1,offday,15,False,9,0,42.19444444444444,11.721456870829561,-30.472987573614887
A4,16,1,offday,16,False,9,0,45.02777777777778,8.532475076457377,-36.495302701320405
A4,16,1,offday,17,False,9,0,47.77777777777778,8.252345928186937,-39.52543184959084
A4,16,1,offday,18,False,9,0,49.083333333333336,9.133391195358627,-39.94994213797471
A4,16,1,offday,19,False,9,0,48.19444444444444,9.129589749968604,-39.064854694475834
A4,16,1,offday,20,False,9,0,48.5,10.028689124753278,-38.47131087524672
A4,16,1,offday,21,False,9,0,35.833333333333336,7.610672758345812,-28.222660574987522
A4,16,1,offday,22,False,9,0,30.444444444444443,7.483669487965361,-22.96077495647908
A4,16,1,offday,23,False,9,0,41.22222222222222,7.056800430169933,-34.165421792052285
A4,16,1,offday,24,False,9,0,45.75,6.679768948781684,-39.070231051218315
A4,16,1,offday,25,False,9,0,47.111111111111114,7.8830826012850865,-39.228028509826025
A4,16,1,offday,26,False,9,0,47.52777777777778,8.78745870373692,-38.740319074040855
A4,16,1,offday,27,False,9,0,47.72222222222222,8.447655084275569,-39.274567137946654
A4,16,1,offday,28,False,9,0,43.138888888888886,7.783572080673443,-35.35531680821545
A4,16,1,offday,29,False,9,0,37.583333333333336,8.12281310654221,-29.460520226791118
A4,16,1,offday,30,False,9,0,33.55555555555556,7.881854351367137,-25.67370120418842
A4,16,1,offday,31,False,9,0,17.36111111111111,8.194924745166503,-9.166186365944608
A4,16,1,offday,32,False,9,0,4.083333333333333,13.002733281236033,8.919399947902699
A4,16,1,offday,33,False,9,0,1.8333333333333333,14.412533439041766,12.579200105708432
A4,16,1,offday,34,False,9,0,1.6388888888888888,11.25869713592771,9.61980824703882
A4,16,1,offday,35,False,9,0,1.3333333333333333,11.479730507510405,10.146397174177073
A4,16,1,offday,36,False,8,0,0.625,10.802898454877191,10.177898454877191
A4,16,1,offday,37,False,8,0,1.0625,11.116807601375088,10.054307601375088
A4,16,1,offday,38,False,8,0,0.9375,13.13036699918966,12.19286699918966
A4,16,1,offday,39,False,8,0,1.15625,12.311630172275004,11.155380172275004
A4,16,1,offday,40,False,8,0,1.78125,10.02971924693337,8.24846924693337
A4,16,1,offday,41,False,8,0,1.46875,20.540563686067177,19.071813686067177
A4,16,1,offday,42,False,8,0,0.96875,10.606891544906805,9.638141544906805
A4,16,1,offday,43,False,8,0,0.875,10.080193767298347,9.205193767298347
A4,16,1,offday,44,False,8,0,1.84375,9.240053357873677,7.396303357873677
A4,16,1,offday,45,False,8,0,2.0,8.553750958943123,6.553750958943123
A4,16,1,offday,46,False,8,0,2.0625,10.57165957420321,8.50915957420321
A4,16,1,offday,47,False,8,0,3.25,10.714630482573448,7.4646304825734475
A4,16,1,offday,48,False,8,0,2.125,13.15470833452381,11.02970833452381
A4,16,1,offday,49,False,8,0,1.21875,9.152475403377528,7.933725403377528
A4,16,1,offday,50,False,8,0,1.03125,6.299849033082378,5.268599033082378
A4,16,1,offday,51,False,8,0,0.75,5.858368210391049,5.108368210391049
A4,16,1,offday,52,False,8,0,1.25,6.437570567280218,5.187570567280218
A4,16,1,offday,53,False,8,0,1.6875,12.453808820580806,10.766308820580806
A4,16,1,offday,54,False,8,0,1.0,13.880103928759972,12.880103928759972
A4,16,1,offday,55,False,8,0,0.75,10.858837620371915,10.108837620371915
A4,16,1,offday,56,False,8,0,0.625,7.526721461327506,6.901721461327506
A4,16,1,offday,57,False,8,0,0.6875,5.82665570949967,5.13915570949967
A4,16,1,offday,58,False,8,0,1.5625,5.03163224890352,3.46913224890352
A4,16,1,offday,59,False,8,0,2.21875,4.53163224890352,2.31288224890352
A4,16,1,offday,60,False,8,0,1.875,4.40663224890352,2.53163224890352
A4,16,1,offday,61,False,8,0,2.25,4.7244626617120975,2.474462661712097
A4,16,1,offday,62,False,8,0,1.5,5.343053116989717,3.843053116989717
A4,16,1,offday,63,False,8,0,1.15625,5.699497445672064,4.543247445672064
A4,16,1,offday,64,False,8,0,0.6875,6.138076577585867,5.450576577585867
A4,16,1,offday,65,False,8,0,1.9375,4.53163224890352,2.59413224890352
A4,16,1,offday,66,False,8,0,2.1875,4.78163224890352,2.59413224890352
A4,16,1,offday,67,False,8,0,1.21875,5.65663224890352,4.43788224890352
A4,16,1,offday,68,False,8,0,1.09375,5.868073902004817,4.774323902004817
A4,16,1,offday,69,False,8,0,0.90625,5.493073902004817,4.586823902004817
A4,16,1,offday,70,False,8,0,1.125,5.573050441408667,4.448050441408667
A4,16,1,offday,71,False,8,0,0.8125,6.073050441408667,5.260550441408667
A4,16,1,offday,72,False,8,0,1.5,5.03163224890352,3.53163224890352
A4,16,1,offday,73,False,8,0,1.75,4.78163224890352,3.03163224890352
A4,16,1,offday,74,False,8,0,1.71875,4.65663224890352,2.93788224890352
A4,16,1,offday,75,False,8,0,2.09375,4.763076577585867,2.669326577585867
A4,16,1,offday,76,False,8,0,1.09375,5.40663224890352,4.31288224890352
A4,16,1,offday,77,False,8,0,0.71875,6.029473985075914,5.310723985075914
A4,16,1,offday,78,False,8,0,0.625,6.03163224890352,5.40663224890352
A4,16,1,offday,79,False,8,0,1.71875,5.03163224890352,3.31288224890352
A4,16,1,offday,80,False,8,0,1.625,5.28163224890352,3.65663224890352
A4,16,1,offday,81,False,8,0,0.59375,5.95165570949967,5.35790570949967
A4,16,1,offday,82,False,8,0,0.90625,5.62167917009582,4.71542917009582
A4,16,1,offday,83,False,8,0,0.96875,5.78163224890352,4.81288224890352
A4,16,1,offday,84,False,8,0,0.6875,6.03163224890352,5.34413224890352
A4,16,1,offday,85,False,8,0,1.40625,5.15663224890352,3.75038224890352
A4,16,1,offday,86,False,8,0,1.71875,4.78163224890352,3.06288224890352
A4,16,1,offday,87,False,8,0,1.75,4.40663224890352,2.65663224890352
A4,16,1,offday,88,False,8,0,2.40625,4.03163224890352,1.6253822489035201
A4,16,1,offday,89,False,8,0,1.46875,4.95165570949967,3.4829057094996703
A4,16,1,offday,90,False,8,0,0.84375,5.718053116989717,4.874303116989717
A4,16,1,offday,91,False,8,0,0.4375,5.968053116989717,5.530553116989717
A4,16,1,offday,92,False,8,0,0.96875,5.843053116989717,4.874303116989717
A4,16,1,offday,93,False,8,0,1.90625,4.78163224890352,2.87538224890352
A4,16,1,offday,94,False,8,0,1.84375,5.03163224890352,3.18788224890352
A4,16,1,offday,95,False,8,0,0.90625,5.53163224890352,4.62538224890352
A4,16,1,workday,0,False,20,0,5.133333333333332,9.168406637497998,4.035073304164666
A4,16,1,workday,1,False,20,0,14.708333333333334,8.278696761045916,-6.429636572287417
A4,16,1,workday,2,False,20,0,13.933333333333337,6.751943377450698,-7.181389955882636
A4,16,1,workday,3,False,20,0,13.541666666666671,6.182803951184112,-7.358862715482556
A4,16,1,workday,4,False,20,0,13.1,6.7846036339501286,-6.315396366049873
A4,16,1,workday,5,False,20,0,19.775,6.597069338227004,-13.177930661772994
A4,16,1,workday,6,False,20,0,23.65833333333334,9.140702791299148,-14.517630542034189
A4,16,1,workday,7,False,20,0,25.391666666666666,9.938675137182827,-15.452991529483839
A4,16,1,workday,8,False,20,0,25.200000000000006,8.338166320646245,-16.861833679353758
A4,16,1,workday,9,False,20,0,25.016666666666666,8.704104707344857,-16.31256195932181
A4,16,1,workday,10,False,20,0,26.141666666666662,10.13250759589464,-16.00915907077203
A4,16,1,workday,11,False,20,0,25.608333333333338,10.395377681640449,-15.212955651692885
A4,16,1,workday,12,False,20,0,24.575,8.510422820429836,-16.064577179570165
A4,16,1,workday,13,False,20,0,22.158333333333335,10.493129406212974,-11.665203927120361
A4,16,1,workday,14,False,20,0,25.125000000000004,9.129603455183645,-15.995396544816359
A4,16,1,workday,15,False,20,0,26.06666666666667,11.12471488946375,-14.941951777202922
A4,16,1,workday,16,False,20,0,25.333333333333336,8.577003088734122,-16.75633024459922
A4,16,1,workday,17,False,20,0,24.558333333333334,7.414799308106995,-17.143534025226337
A4,16,1,workday,18,False,20,0,22.575000000000003,4.959085904004454,-17.615914095995553
A4,16,1,workday,19,False,20,0,23.375,6.424861212786752,-16.95013878721325
A4,16,1,workday,20,False,20,0,22.208333333333332,5.7356369417876305,-16.472696391545703
A4,16,1,workday,21,False,20,0,18.525,7.5415113611407225,-10.983488638859276
A4,16,1,workday,22,False,20,0,16.633333333333333,6.081638019482349,-10.551695313850983
A4,16,1,workday,23,False,20,0,20.15,5.59528871118704,-14.554711288812957
A4,16,1,workday,24,False,20,0,24.300000000000004,6.960968375818348,-17.33903162418165
A4,16,1,workday,25,False,20,0,25.98333333333333,8.611090646568817,-17.372242686764515
A4,16,1,workday,26,False,20,0,24.275,6.4387985681631275,-17.836201431836873
A4,16,1,workday,27,False,20,0,24.325000000000003,7.444212847900095,-16.880787152099906
A4,16,1,workday,28,False,20,0,25.28333333333333,9.24414593324634,-16.039187400086995
A4,16,1,workday,29,False,20,0,26.09166666666666,9.527484724351819,-16.564181942314843
A4,16,1,workday,30,False,20,0,26.025,12.661264607485675,-13.36373539251432
A4,16,1,workday,31,False,19,0,24.473684210526315,15.965959088527336,-8.507725121998979
A4,16,1,workday,31,True,1,0,63.66666666666666,2.409654142702877,-61.25701252396378
A4,16,1,workday,32,False,19,0,18.69298245614035,17.57245074003822,-1.1205317161021295
A4,16,1,workday,32,True,1,0,38.66666666666666,4.711610759186286,-33.95505590748037
A4,16,1,workday,33,False,19,1,11.157894736842108,13.447350750273301,2.289456013431193
A4,16,1,workday,33,True,1,0,4.5,0.8461317849647401,-3.65386821503526
A4,16,1,workday,34,False,20,7,13.191666666666668,17.600668592457687,4.409001925791019
A4,16,1,workday,35,False,20,8,13.533333333333335,19.94336088666558,6.4100275533322435
A4,16,1,workday,36,False,20,8,10.991666666666667,15.510581648977649,4.518914982310983
A4,16,1,workday,37,False,20,5,9.133333333333336,10.977530155028523,1.8441968216951878
A4,16,1,workday,38,False,20,6,10.458333333333332,11.026108661639054,0.5677753283057214
A4,16,1,workday,39,False,20,5,8.016666666666666,11.03344917810018,3.016782511433516
A4,16,1,workday,40,False,20,8,12.033333333333337,14.560589846353775,2.527256513020437
A4,16,1,workday,41,False,20,0,10.33333333333333,16.870832676674716,6.537499343341388
A4,16,1,workday,42,False,20,6,10.908333333333331,14.514583778118652,3.606250444785323
A4,16,1,workday,43,False,20,9,11.499999999999996,18.616818185067253,7.116818185067257
A4,16,1,workday,44,False,20,6,9.9,14.518967290012416,4.6189672900124155
A4,16,1,workday,45,False,20,5,9.450000000000001,12.252194329765889,2.8021943297658867
A4,16,1,workday,46,False,20,5,10.591666666666665,15.653974160521932,5.06230749385527
A4,16,1,workday,47,False,20,5,7.749999999999998,14.217960937386271,6.4679609373862705
A4,16,1,workday,48,False,20,3,9.183333333333334,11.141394004592183,1.958060671258849
A4,16,1,workday,49,False,20,0,10.616666666666665,14.288754627749498,3.672087961082835
A4,16,1,workday,50,False,20,0,10.491666666666669,13.415221808326436,2.9235551416597683
A4,16,1,workday,51,False,20,0,7.858333333333334,10.683846964688623,2.8255136313552867
A4,16,1,workday,52,False,20,0,5.36666666666666,10.673424588299014,5.3067579216323555
A4,16,1,workday,53,False,20,2,8.26666666666667,10.963434814690867,2.696768148024197
A4,16,1,workday,54,False,20,6,13.35833333333333,15.668756428851106,2.310423095517771
A4,16,1,workday,55,False,20,6,11.474999999999998,14.18964497952469,2.7146449795246914
A4,16,1,workday,56,False,20,7,11.791666666666666,14.50522229570592,2.713555629039255
A4,16,1,workday,57,False,20,4,9.891666666666667,11.40435965224383,1.512692985577162
A4,16,1,workday,58,False,20,3,9.183333333333334,11.612602967997784,2.4292696346644513
A4,16,1,workday,59,False,20,3,10.366666666666665,11.392873860048365,1.0262071933816999
A4,16,1,workday,60,False,20,4,9.724999999999998,11.992285262235377,2.2672852622353785
A4,16,1,workday,61,False,20,0,9.600000000000005,13.227364610114734,3.627364610114731
A4,16,1,workday,62,False,20,3,9.866666666666665,11.810010277252887,1.9433436105862214
A4,16,1,workday,63,False,20,5,9.533333333333335,11.239254274223304,1.7059209408899698
A4,16,1,workday,64,False,20,4,11.325,13.008833177257761,1.683833177257761
A4,16,1,workday,65,False,20,1,8.533333333333335,7.812681512613229,-0.7206518207201071
A4,16,1,workday,66,False,20,0,9.458333333333332,12.093465773618393,2.6351324402850587
A4,16,1,workday,67,False,20,1,9.558333333333334,11.90326143190897,2.344928098575637
A4,16,1,workday,68,False,20,0,8.05,10.271561560871046,2.221561560871043
A4,16,1,workday,69,False,20,0,10.783333333333331,10.657945561658533,-0.12538777167479723
A4,16,1,workday,70,False,20,0,11.31666666666666,10.075682899492659,-1.240983767174002
A4,16,1,workday,71,False,20,0,7.85,11.653065378311439,3.8030653783114388
A4,16,1,workday,72,False,20,2,8.658333333333333,11.134339355730301,2.4760060223969687
A4,16,1,workday,73,False,20,1,10.76666666666667,11.677050820899638,0.9103841542329676
A4,16,1,workday,74,False,20,1,11.366666666666665,10.668463167674819,-0.6982034989918475
A4,16,1,workday,75,False,20,0,12.224999999999998,11.20967044941708,-1.0153295505829185
A4,16,1,workday,76,False,20,0,12.191666666666666,11.049906033345652,-1.1417606333210137
A4,16,1,workday,77,False,20,0,12.116666666666664,11.137167327211172,-0.9794993394554907
A4,16,1,workday,78,False,20,0,12.483333333333334,9.01721662954628,-3.466116703787054
A4,16,1,workday,79,False,20,0,17.4,17.540894583799194,0.14089458379919648
A4,16,1,workday,80,False,20,0,14.916666666666668,10.624859950171508,-4.291806716495158
A4,16,1,workday,81,False,20,0,10.59999999999999,9.864620766506189,-0.7353792334938006
A4,16,1,workday,82,False,20,0,9.183333333333337,8.143811443175027,-1.0395218901583114
A4,16,1,workday,83,False,20,0,9.508333333333335,8.633482023538429,-0.8748513097949064
A4,16,1,workday,84,False,20,0,9.075,9.47155434376877,0.39655434376876786
A4,16,1,workday,85,False,20,0,8.725000000000003,9.788513085482707,1.0635130854827046
A4,16,1,workday,86,False,20,0,7.983333333333332,7.268624844391349,-0.7147084889419822
A4,16,1,workday,87,False,20,0,7.649999999999997,7.050590871492547,-0.599409128507449
A4,16,1,workday,88,False,20,0,6.941666666666672,6.549488388886997,-0.39217827777967573
A4,16,1,workday,89,False,21,0,7.6984126984126995,9.280660849896602,1.582248151483903
A4,16,1,workday,90,False,21,0,6.230158730158732,7.715211188753599,1.4850524585948648
A4,16,1,workday,91,False,21,0,7.404761904761902,8.261826896603448,0.8570649918415453
A4,16,1,workday,92,False,21,0,7.6111111111111125,8.150789372852234,0.5396782617411203
A4,16,1,workday,93,False,21,0,7.182539682539677,7.874819390909334,0.6922797083696591
A4,16,1,workday,94,False,21,0,6.357142857142854,7.049446572694784,0.6923037155519296
A4,16,1,workday,95,False,21,0,5.563492063492062,7.347357407172164,1.7838653436801006
A4,16,2,offday,0,False,8,0,6.927083333333331,6.655426916454647,-0.2716564168786846
A4,16,2,offday,1,False,8,0,21.3125,10.627855774273604,-10.684644225726394
A4,16,2,offday,2,False,8,0,18.6875,9.824753153197173,-8.862746846802827
A4,16,2,offday,3,False,8,0,18.5,9.837198032491797,-8.662801967508203
A4,16,2,offday,4,False,8,0,18.875,10.2716691471175,-8.603330852882499
A4,16,2,offday,5,False,8,0,30.25,13.203531596052825,-17.046468403947173
A4,16,2,offday,6,False,8,0,32.625,12.907511805595817,-19.717488194404183
A4,16,2,offday,7,False,8,0,34.3125,15.149771168494901,-19.1627288315051
A4,16,2,offday,8,False,8,0,33.5625,13.712350718801401,-19.8501492811986
A4,16,2,offday,9,False,8,0,34.5625,13.908249350307395,-20.654250649692607
A4,16,2,offday,10,False,8,0,33.875,14.069278688338393,-19.805721311661607
A4,16,2,offday,11,False,8,0,32.5625,14.36474228005369,-18.19775771994631
A4,16,2,offday,12,False,8,0,29.8125,12.322944002028901,-17.4895559979711
A4,16,2,offday,13,False,8,0,24.625,10.895300712204522,-13.72969928779548
A4,16,2,offday,14,False,8,0,32.125,13.483844649898758,-18.641155350101243
A4,16,2,offday,15,False,8,0,34.8125,14.878825451230533,-19.933674548769467
A4,16,2,offday,16,False,6,0,28.291666666666668,19.922609255779566,-8.3690574108871
A4,16,2,offday,17,False,6,0,27.125,10.74553911040121,-16.379460889598793
A4,16,2,offday,18,False,6,0,25.0,9.607542969602916,-15.392457030397084
A4,16,2,offday,19,False,6,0,25.916666666666668,9.788688298474975,-16.12797836819169
A4,16,2,offday,20,False,6,0,24.416666666666668,7.1925161740022245,-17.224150492664446
A4,16,2,offday,21,False,6,0,18.833333333333332,4.514977355411946,-14.31835597792139
A4,16,2,offday,22,False,6,0,15.666666666666666,7.3060032516477476,-8.360663415018918
A4,16,2,offday,23,False,6,0,22.666666666666668,8.042166776843178,-14.624499889823488
A4,16,2,offday,24,False,6,0,25.875,6.607095554407461,-19.267904445592535
A4,16,2,offday,25,False,6,0,26.791666666666668,7.833716043324599,-18.957950623342068
A4,16,2,offday,26,False,6,0,24.208333333333332,6.484012091317272,-17.72432124201606
A4,16,2,offday,27,False,6,0,25.541666666666668,7.422565858208919,-18.11910080845775
A4,16,2,offday,28,False,8,0,25.65625,6.868418279639643,-18.78783172036036
A4,16,2,offday,29,False,8,0,26.65625,9.785795312878038,-16.870454687121963
A4,16,2,offday,30,False,8,0,23.375,10.556649647841335,-12.818350352158665
A4,16,2,offday,31,False,8,0,15.78125,10.964958614936393,-4.816291385063606
A4,16,2,offday,32,False,8,0,4.5625,17.63361962430846,13.071119624308459
A4,16,2,offday,33,False,8,0,2.5,21.876591793448537,19.376591793448537
A4,16,2,offday,34,False,8,0,3.0625,18.884623485060914,15.822123485060912
A4,16,2,offday,35,False,8,0,1.375,19.833163007203005,18.458163007203005
A4,16,2,offday,36,False,8,0,2.375,16.603279894542286,14.228279894542288
A4,16,2,offday,37,False,8,0,2.125,17.521563641306965,15.396563641306965
A4,16,2,offday,38,False,8,0,2.59375,17.95676444955327,15.363014449553269
A4,16,2,offday,39,False,8,0,2.0,17.546726607056705,15.546726607056703
A4,16,2,offday,40,False,8,0,1.9375,18.108295751606523,16.170795751606523
A4,16,2,offday,41,False,8,0,1.75,33.88920160014374,32.13920160014374
A4,16,2,offday,42,False,8,0,2.1875,17.875393237047632,15.687893237047632
A4,16,2,offday,43,False,8,0,2.46875,17.4724357594787,15.003685759478701
A4,16,2,offday,44,False,8,0,2.1875,17.03318134162471,14.845681341624713
A4,16,2,offday,45,False,8,0,2.9375,16.690780321435476,13.753280321435478
A4,16,2,offday,46,False,8,0,2.9375,18.681179511076277,15.743679511076277
A4,16,2,offday,47,False,8,0,3.21875,23.211374586631074,19.992624586631074
A4,16,2,offday,48,False,8,0,2.25,19.981591573186794,17.731591573186794
A4,16,2,offday,49,False,8,0,2.03125,17.462435778532186,15.431185778532187
A4,16,2,offday,50,False,8,0,1.53125,4.813953846260258,3.2827038462602585
A4,16,2,offday,51,False,8,0,2.1875,3.6157563827786885,1.4282563827786885
A4,16,2,offday,52,False,8,0,2.125,3.867506971632825,1.742506971632825
A4,16,2,offday,53,False,8,0,1.875,5.786888452484902,3.911888452484902
A4,16,2,offday,54,False,8,0,1.8125,12.658571900136693,10.846071900136693
A4,16,2,offday,55,False,8,0,1.34375,13.574752185636934,12.231002185636934
A4,16,2,offday,56,False,8,0,1.21875,5.4546064188053585,4.2358564188053585
A4,16,2,offday,57,False,8,0,1.5625,5.675188684973446,4.112688684973446
A4,16,2,offday,58,False,8,0,1.75,5.442431052705704,3.692431052705704
A4,16,2,offday,59,False,8,0,2.1875,4.914750974490566,2.7272509744905666
A4,16,2,offday,60,False,8,0,1.875,4.752429131612239,2.8774291316122387
A4,16,2,offday,61,False,8,0,2.0625,4.598624906157718,2.536124906157718
A4,16,2,offday,62,False,8,0,2.46875,4.483734025192577,2.014984025192577
A4,16,2,offday,63,False,8,0,1.53125,6.4566132962387925,4.9253632962387925
A4,16,2,offday,64,False,8,0,1.34375,4.419724312686622,3.075974312686622
A4,16,2,offday,65,False,8,0,2.09375,4.6876638138809055,2.5939138138809055
A4,16,2,offday,66,False,8,0,2.28125,3.5468585281225393,1.2656085281225393
A4,16,2,offday,67,False,8,0,1.4375,4.369606981495711,2.9321069814957106
A4,16,2,offday,68,False,8,0,1.75,5.884841915261661,4.134841915261661
A4,16,2,offday,69,False,8,0,1.28125,5.85401435166863,4.57276435166863
A4,16,2,offday,70,False,8,0,1.46875,5.075340715779044,3.6065907157790433
A4,16,2,offday,71,False,8,0,1.40625,6.345954052705194,4.939704052705195
A4,16,2,offday,72,False,8,0,1.9375,4.538719885463099,2.601219885463099
A4,16,2,offday,73,False,8,0,1.65625,4.299472585834898,2.6432225858348977
A4,16,2,offday,74,False,8,0,2.3125,4.42724121102773,2.11474121102773
A4,16,2,offday,75,False,8,0,1.625,5.615393142153671,3.9903931421536707
A4,16,2,offday,76,False,8,0,1.84375,4.684218925877886,2.840468925877886
A4,16,2,offday,77,False,8,0,2.21875,4.637492387420015,2.418742387420015
A4,16,2,offday,78,False,8,0,1.71875,4.533989974550151,2.8152399745501504
A4,16,2,offday,79,False,8,0,1.75,4.375694484923951,2.6256944849239514
A4,16,2,offday,80,False,8,0,1.5625,3.536116943006019,1.9736169430060189
A4,16,2,offday,81,False,8,0,1.65625,4.303515384668504,2.647265384668504
A4,16,2,offday,82,False,8,0,1.0,4.281174508060817,3.281174508060817
A4,16,2,offday,83,False,8,0,1.59375,3.4891640468060285,1.8954140468060285
A4,16,2,offday,84,False,8,0,1.4375,3.0087681368221615,1.5712681368221615
A4,16,2,offday,85,False,8,0,1.65625,2.363066103599318,0.7068161035993179
A4,16,2,offday,86,False,8,0,2.28125,2.4134459580832095,0.1321959580832095
A4,16,2,offday,87,False,8,0,1.46875,2.9667275217594415,1.4979775217594415
A4,16,2,offday,88,False,8,0,1.8125,2.2039300150629444,0.3914300150629444
A4,16,2,offday,89,False,8,0,1.0625,2.25381069767174,1.19131069767174
A4,16,2,offday,90,False,8,0,1.8125,2.5839288849333597,0.7714288849333597
A4,16,2,offday,91,False,8,0,2.15625,2.7958951470878333,0.6396451470878333
A4,16,2,offday,92,False,8,0,1.34375,3.418887125638982,2.075137125638982
A4,16,2,offday,93,False,8,0,1.6875,2.1543489650072694,0.46684896500726936
A4,16,2,offday,94,False,8,0,1.8125,2.3400159589654197,0.5275159589654197
A4,16,2,offday,95,False,8,0,1.28125,2.294642714433922,1.0133927144339219
A4,16,2,workday,0,False,14,0,22.726190476190474,9.459914795738488,-13.266275680451985
A4,16,2,workday,1,False,13,0,32.42307692307692,9.276290199683547,-23.14678672339338
A4,16,2,workday,2,False,13,0,30.538461538461544,9.417196831130257,-21.12126470733129
A4,16,2,workday,3,False,13,0,29.24358974358974,9.723519777196968,-19.520069966392775
A4,16,2,workday,4,False,14,0,26.821428571428562,9.965595938547596,-16.855832632880972
A4,16,2,workday,5,False,13,0,41.23076923076924,12.112988979219665,-29.117780251549576
A4,16,2,workday,5,True,1,0,20.66666666666667,23.52712074668824,2.8604540800215688
A4,16,2,workday,6,False,14,0,47.05952380952381,15.39665946049258,-31.66286434903123
A4,16,2,workday,7,False,14,0,49.83333333333332,15.648089980787384,-34.18524335254595
A4,16,2,workday,8,False,14,0,48.702380952380956,14.444159247509374,-34.25822170487158
A4,16,2,workday,9,False,14,0,47.761904761904766,15.398072785319588,-32.363831976585175
A4,16,2,workday,10,False,14,0,48.47619047619047,14.026325434528705,-34.44986504166177
A4,16,2,workday,11,False,14,0,48.52380952380953,14.954300147232752,-33.56950937657678
A4,16,2,workday,12,False,14,0,48.01190476190476,16.640051230993773,-31.371853530910993
A4,16,2,workday,13,False,14,0,38.654761904761905,12.356230226921364,-26.298531677840536
A4,16,2,workday,14,False,14,0,47.86904761904763,13.989424468894864,-33.87962315015276
A4,16,2,workday,15,False,14,0,50.3095238095238,15.711458371227868,-34.59806543829594
A4,16,2,workday,16,False,9,0,52.7037037037037,11.53022844224954,-41.173475261454165
A4,16,2,workday,17,False,9,0,52.57407407407407,13.195270184363558,-39.37880388971051
A4,16,2,workday,18,False,9,0,52.12962962962965,12.502617445137169,-39.62701218449248
A4,16,2,workday,19,False,9,0,52.46296296296297,11.270001204216365,-41.19296175874661
A4,16,2,workday,20,False,9,0,48.388888888888886,10.239835509973204,-38.14905337891569
A4,16,2,workday,21,False,9,0,40.37037037037037,9.647121008435537,-30.723249361934833
A4,16,2,workday,22,False,9,0,33.74074074074073,7.470174127419814,-26.270566613320923
A4,16,2,workday,23,False,9,0,44.7962962962963,10.135293879669364,-34.661002416626935
A4,16,2,workday,24,False,9,0,52.462962962962955,11.232485353064058,-41.23047760989889
A4,16,2,workday,25,False,9,0,53.14814814814813,11.028278724453836,-42.1198694236943
A4,16,2,workday,26,False,9,0,52.85185185185185,10.368660631491357,-42.48319122036049
A4,16,2,workday,27,False,9,0,53.05555555555555,11.431126429226936,-41.62442912632862
A4,16,2,workday,28,False,15,0,40.4,9.185043773235316,-31.214956226764684
A4,16,2,workday,29,False,15,0,42.955555555555556,11.254578915603608,-31.700976639951964
A4,16,2,workday,30,False,15,0,46.42222222222221,17.29920204230726,-29.123020179914956
A4,16,2,workday,31,False,14,0,54.988095238095234,31.7906100858286,-23.19748515226664
A4,16,2,workday,31,True,1,0,20.0,60.325627401949646,40.325627401949646
A4,16,2,workday,32,False,13,0,55.01282051282051,51.874091471780915,-3.138729041039591
A4,16,2,workday,32,True,2,0,18.58333333333333,11.1009694748236,-7.4823638585097285
A4,16,2,workday,33,False,15,4,55.18888888888888,60.772222615581065,5.583333726692177
A4,16,2,workday,34,False,15,8,65.95555555555555,74.44105119438426,8.485495638828692
A4,16,2,workday,35,False,15,9,64.32222222222222,76.44678557128624,12.124563349064013
A4,16,2,workday,36,False,15,10,62.28888888888889,76.47902784238475,14.190138953495866
A4,16,2,workday,37,False,15,7,60.9,69.06293393135999,8.162933931360007
A4,16,2,workday,38,False,15,8,62.35555555555555,70.5994430864674,8.243887530911843
A4,16,2,workday,39,False,14,8,59.67857142857143,66.95021415990827,7.271642731336844
A4,16,2,workday,40,False,14,8,60.797619047619044,67.28714365355626,6.48952460593721
A4,16,2,workday,41,False,14,0,47.488095238095234,41.81036175635855,-5.67773348173668
A4,16,2,workday,42,False,14,8,58.547619047619044,65.68523155743783,7.13761250981879
A4,16,2,workday,43,False,14,8,59.47619047619048,66.76494241892067,7.288751942730182
A4,16,2,workday,44,False,14,9,63.57142857142857,66.90136009572782,3.3299315242992518
A4,16,2,workday,45,False,14,8,64.70238095238096,68.97133777587506,4.268956823494098
A4,16,2,workday,46,False,14,8,63.84523809523809,69.66039486868294,5.815156773444853
A4,16,2,workday,47,False,14,9,62.904761904761905,69.19541787806212,6.29065597330022
A4,16,2,workday,48,False,14,8,63.23809523809524,54.925474845608406,-8.31262039248684
A4,16,2,workday,49,False,14,0,40.095238095238095,14.819037425902469,-25.27620066933563
A4,16,2,workday,50,False,14,0,31.26190476190476,6.619008278251916,-24.64289648365284
A4,16,2,workday,51,False,14,0,29.857142857142854,6.809630575149662,-23.047512281993193
A4,16,2,workday,52,False,14,0,32.14285714285714,10.043824373576243,-22.0990327692809
A4,16,2,workday,53,False,14,2,51.488095238095234,10.556719203310577,-40.93137603478466
A4,16,2,workday,54,False,14,8,60.035714285714285,29.012245430825494,-31.023468854888783
A4,16,2,workday,55,False,14,9,60.238095238095234,23.796168386761575,-36.441926851333655
A4,16,2,workday,56,False,14,6,61.41666666666667,18.88980350153025,-42.52686316513642
A4,16,2,workday,57,False,14,7,56.238095238095234,13.669232975354438,-42.56886226274079
A4,16,2,workday,58,False,14,9,58.29761904761905,19.601097509202855,-38.6965215384162
A4,16,2,workday,59,False,14,9,62.83333333333333,22.373560450199818,-40.45977288313351
A4,16,2,workday,60,False,14,8,60.82142857142858,20.9251022889257,-39.896326282502876
A4,16,2,workday,61,False,14,0,43.261904761904766,12.79778046315297,-30.464124298751795
A4,16,2,workday,62,False,14,0,44.02380952380952,11.86955755105574,-32.154251972753784
A4,16,2,workday,63,False,14,8,56.488095238095234,18.511508358380798,-37.97658687971443
A4,16,2,workday,64,False,14,9,58.3095238095238,18.27506299330485,-40.03446081621895
A4,16,2,workday,65,False,14,7,54.67857142857143,13.518149092369416,-41.16042233620201
A4,16,2,workday,66,False,14,5,54.98809523809525,14.947596305906936,-40.04049893218831
A4,16,2,workday,67,False,14,5,55.583333333333336,17.26663097982534,-38.316702353508
A4,16,2,workday,68,False,14,3,53.52380952380952,16.644785331170066,-36.87902419263946
A4,16,2,workday,69,False,14,0,34.964285714285715,10.511207041463368,-24.45307867282234
A4,16,2,workday,70,False,14,0,32.00000000000001,10.408687459716969,-21.591312540283035
A4,16,2,workday,71,False,14,0,49.04761904761904,13.051535635532948,-35.996083412086094
A4,16,2,workday,72,False,14,4,54.38095238095237,15.194084262643468,-39.186868118308915
A4,16,2,workday,73,False,14,3,54.63095238095237,14.134513443792477,-40.4964389371599
A4,16,2,workday,74,False,14,3,53.92857142857143,12.601191902923622,-41.32737952564781
A4,16,2,workday,75,False,14,3,55.57142857142857,13.967332977746059,-41.604095593682516
A4,16,2,workday,76,False,14,4,56.11904761904763,15.122099908966153,-40.99694771008147
A4,16,2,workday,77,False,14,0,54.54761904761905,12.943457644727866,-41.60416140289118
A4,16,2,workday,78,False,14,1,51.226190476190474,12.769846057778668,-38.456344418411796
A4,16,2,workday,79,False,14,2,51.91666666666667,12.880609936375965,-39.0360567302907
A4,16,2,workday,80,False,14,0,44.57142857142856,11.958798910886108,-32.61262966054246
A4,16,2,workday,81,False,14,0,39.76190476190476,12.816929451669306,-26.944975310235453
A4,16,2,workday,82,False,14,0,41.13095238095237,13.689378456896433,-27.441573924055938
A4,16,2,workday,83,False,14,0,38.95238095238095,15.340132449300574,-23.61224850308037
A4,16,2,workday,84,False,14,0,38.11904761904761,12.240099676767853,-25.878947942279762
A4,16,2,workday,85,False,14,0,36.214285714285715,11.190640518662063,-25.023645195623654
A4,16,2,workday,86,False,14,0,36.91666666666668,12.238922230768027,-24.677744435898642
A4,16,2,workday,87,False,14,0,37.28571428571428,11.453760432841891,-25.831953852872385
A4,16,2,workday,88,False,14,0,36.02380952380952,11.80326915326349,-24.22054037054603
A4,16,2,workday,89,False,14,0,30.0952380952381,12.418740545335053,-17.676497549903043
A4,16,2,workday,90,False,14,0,34.333333333333336,11.132290423632965,-23.20104290970037
A4,16,2,workday,91,False,14,0,34.04761904761905,10.55754983829085,-23.490069209328205
A4,16,2,workday,92,False,14,0,33.69047619047619,8.776049173319349,-24.91442701715684
A4,16,2,workday,93,False,14,0,35.27380952380953,10.567120601444369,-24.706688922365164
A4,16,2,workday,94,False,14,0,33.035714285714285,8.736010733548778,-24.299703552165507
A4,16,2,workday,95,False,14,0,31.142857142857142,8.693638829858068,-22.449218312999076
A4,96,0,offday,0,False,9,0,2.9074074074074066,14.940818035349018,12.033410627941613
A4,96,0,offday,1,False,9,0,21.72222222222222,15.988648928404817,-5.733573293817404
A4,96,0,offday,2,False,9,0,20.63888888888889,17.645211765211513,-2.9936771236773754
A4,96,0,offday,3,False,9,0,21.88888888888889,17.78636396056275,-4.102524928326141
A4,96,0,offday,4,False,9,0,20.805555555555557,17.140440841086267,-3.6651147144692877
A4,96,0,offday,5,False,9,0,36.02777777777778,10.245676111226894,-25.782101666550883
A4,96,0,offday,6,False,9,0,38.27777777777778,10.473889018191926,-27.803888759585853
A4,96,0,offday,7,False,9,0,43.47222222222222,17.34896117842162,-26.1232610438006
A4,96,0,offday,8,False,9,0,45.833333333333336,17.42800821741993,-28.405325115913406
A4,96,0,offday,9,False,9,0,43.5,16.362381675021133,-27.137618324978867
A4,96,0,offday,10,False,9,0,43.22222222222222,13.938398024865327,-29.283824197356896
A4,96,0,offday,11,False,9,0,39.361111111111114,12.578876076801285,-26.782235034309824
A4,96,0,offday,12,False,9,0,40.861111111111114,12.68496014811999,-28.176150962991123
A4,96,0,offday,13,False,9,0,33.861111111111114,12.9514176109905,-20.90969350012061
A4,96,0,offday,14,False,9,0,43.94444444444444,15.347996726914637,-28.59644771752981
A4,96,0,offday,15,False,9,0,42.75,13.5218389306329,-29.228161069367097
A4,96,0,offday,16,False,9,0,40.888888888888886,11.507866686246441,-29.38102220264245
A4,96,0,offday,17,False,9,0,44.666666666666664,14.140792670170486,-30.525873996496177
A4,96,0,offday,18,False,9,0,43.72222222222222,15.89207932811184,-27.83014289411038
A4,96,0,offday,19,False,9,0,41.22222222222222,12.182137918933238,-29.04008430328898
A4,96,0,offday,20,False,9,0,36.75,10.313310017014796,-26.436689982985204
A4,96,0,offday,21,False,9,0,28.805555555555557,13.861652377247003,-14.943903178308554
A4,96,0,offday,22,False,9,0,26.833333333333332,16.071224138111234,-10.7621091952221
A4,96,0,offday,23,False,9,0,37.138888888888886,9.184656908061646,-27.95423198082724
A4,96,0,offday,24,False,9,0,38.77777777777778,12.389087053172775,-26.388690724605006
A4,96,0,offday,25,False,9,0,43.44444444444444,14.670740827141508,-28.773703617302935
A4,96,0,offday,26,False,9,0,42.77777777777778,12.470470002327687,-30.307307775450088
A4,96,0,offday,27,False,9,0,40.75,10.747580966296914,-30.002419033703088
A4,96,0,offday,28,False,9,0,36.44444444444444,11.20169385033524,-25.242750594109207
A4,96,0,offday,29,False,9,0,34.388888888888886,13.396272623297222,-20.992616265591668
A4,96,0,offday,30,False,9,0,29.13888888888889,16.460472923051984,-12.678415965836907
A4,96,0,offday,31,False,9,0,17.0,38.51650857317088,21.516508573170885
A4,96,0,offday,32,False,9,0,15.222222222222221,55.32052743999157,40.09830521776935
A4,96,0,offday,33,False,9,0,16.61111111111111,62.60527244402134,45.99416133291024
A4,96,0,offday,34,False,9,1,20.444444444444443,65.28814740488471,44.84370296044026
A4,96,0,offday,35,False,9,1,20.666666666666668,67.7245790667343,47.05791240006763
A4,96,0,offday,36,False,9,1,18.944444444444443,71.18640942838714,52.241964983942694
A4,96,0,offday,37,False,9,0,16.944444444444443,67.88236572261485,50.93792127817041
A4,96,0,offday,38,False,9,0,16.63888888888889,67.68642405274015,51.04753516385126
A4,96,0,offday,39,False,9,0,15.86111111111111,67.68420402884291,51.82309291773181
A4,96,0,offday,40,False,9,0,15.083333333333334,59.93806010591585,44.85472677258252
A4,96,0,offday,41,False,9,0,12.472222222222221,54.66770968393727,42.19548746171505
A4,96,0,offday,42,False,9,0,17.27777777777778,59.353089116619536,42.07531133884176
A4,96,0,offday,43,False,9,0,17.166666666666668,57.57499940366577,40.40833273699911
A4,96,0,offday,44,False,9,0,17.27777777777778,58.07966480070253,40.80188702292475
A4,96,0,offday,45,False,9,0,17.86111111111111,58.81209925815541,40.95098814704429
A4,96,0,offday,46,False,9,0,16.583333333333332,57.77478138531804,41.19144805198471
A4,96,0,offday,47,False,9,0,19.22222222222222,59.13896777415209,39.91674555192987
A4,96,0,offday,48,False,9,0,17.055555555555557,58.98000882985808,41.92445327430252
A4,96,0,offday,49,False,9,0,11.13888888888889,47.69876910193701,36.55988021304812
A4,96,0,offday,50,False,9,0,8.694444444444445,39.86472632889642,31.170281884451974
A4,96,0,offday,51,False,9,0,9.444444444444445,40.29868059822289,30.85423615377844
A4,96,0,offday,52,False,9,0,12.555555555555555,52.55646729766642,40.000911742110866
A4,96,0,offday,53,False,9,0,15.722222222222221,58.7537173772962,43.03149515507397
A4,96,0,offday,54,False,9,0,16.194444444444443,59.083802767354,42.88935832290956
A4,96,0,offday,55,False,9,0,16.583333333333332,57.88322559278299,41.29989225944966
A4,96,0,offday,56,False,9,0,16.75,58.906657610753186,42.156657610753186
A4,96,0,offday,57,False,9,0,15.722222222222221,56.99115836191652,41.2689361396943
A4,96,0,offday,58,False,9,0,15.5,56.32520409175505,40.82520409175505
A4,96,0,offday,59,False,9,0,16.833333333333332,59.147076139300275,42.31374280596694
A4,96,0,offday,60,False,9,0,16.47222222222222,56.90485723743162,40.43263501520939
A4,96,0,offday,61,False,9,0,14.416666666666666,50.79223477326624,36.375568106599566
A4,96,0,offday,62,False,9,0,15.583333333333334,55.51041876766823,39.92708543433489
A4,96,0,offday,63,False,9,0,15.277777777777779,59.330128904122176,44.0523511263444
A4,96,0,offday,64,False,9,0,14.61111111111111,57.14697243868922,42.53586132757811
A4,96,0,offday,65,False,9,0,14.86111111111111,55.83418439648804,40.973073285376934
A4,96,0,offday,66,False,9,0,15.305555555555555,56.099796874605964,40.79424131905041
A4,96,0,offday,67,False,9,0,15.944444444444445,56.9763475061379,41.03190306169345
A4,96,0,offday,68,False,9,0,16.77777777777778,57.385398381149734,40.607620603371956
A4,96,0,offday,69,False,9,0,10.972222222222221,44.256205620607986,33.283983398385764
A4,96,0,offday,70,False,9,0,10.36111111111111,41.647466793220126,31.286355682109015
A4,96,0,offday,71,False,9,0,16.13888888888889,57.83442457630186,41.69553568741297
A4,96,0,offday,72,False,9,0,14.472222222222221,58.07932925127087,43.60710702904865
A4,96,0,offday,73,False,9,0,16.416666666666668,56.643388676925575,40.226722010258904
A4,96,0,offday,74,False,9,0,18.97222222222222,56.04104113166816,37.06881890944594
A4,96,0,offday,75,False,9,0,17.13888888888889,59.41209125994399,42.27320237105509
A4,96,0,offday,76,False,9,0,16.666666666666668,57.52796315188147,40.86129648521481
A4,96,0,offday,77,False,9,0,15.916666666666666,55.06362667129214,39.14696000462547
A4,96,0,offday,78,False,9,0,15.027777777777779,53.190865882080374,38.163088104302595
A4,96,0,offday,79,False,9,0,14.86111111111111,54.79651562733582,39.93540451622471
A4,96,0,offday,80,False,9,0,11.5,48.41298579711865,36.91298579711865
A4,96,0,offday,81,False,9,0,11.583333333333334,45.54426310435172,33.960929771018385
A4,96,0,offday,82,False,9,0,12.055555555555555,45.983782559476886,33.92822700392133
A4,96,0,offday,83,False,9,0,10.333333333333334,45.40267868881993,35.069345355486604
A4,96,0,offday,84,False,9,0,11.694444444444445,45.621431685480246,33.9269872410358
A4,96,0,offday,85,False,9,0,12.555555555555555,42.10603541036024,29.550479854804685
A4,96,0,offday,86,False,9,0,13.63888888888889,41.535838598850255,27.896949709961365
A4,96,0,offday,87,False,9,0,12.722222222222221,40.59166394825469,27.869441726032473
A4,96,0,offday,88,False,9,0,12.444444444444445,40.73786644613832,28.29342200169387
A4,96,0,offday,89,False,9,0,9.055555555555555,32.965205446263774,23.90964989070822
A4,96,0,offday,90,False,9,0,11.833333333333334,39.876563010300124,28.04322967696679
A4,96,0,offday,91,False,9,0,11.805555555555555,41.52703088655512,29.72147533099956
A4,96,0,offday,92,False,9,0,12.277777777777779,42.34652322176006,30.06874544398228
A4,96,0,offday,93,False,9,0,10.722222222222221,37.05877583616586,26.336553613943636
A4,96,0,offday,94,False,9,0,10.36111111111111,35.80316815673692,25.442057045625816
A4,96,0,offday,95,False,9,0,10.805555555555555,34.77078173887287,23.965226183317313
A4,96,0,workday,0,False,18,0,6.564814814814814,17.86811140693177,11.303296592116958
A4,96,0,workday,1,False,18,0,15.240740740740742,25.935950062244956,10.695209321504215
A4,96,0,workday,2,False,18,0,13.472222222222221,23.07984382806412,9.607621605841901
A4,96,0,workday,3,False,18,0,13.796296296296296,21.330094844603998,7.533798548307699
A4,96,0,workday,4,False,18,0,12.98148148148148,20.537751266019427,7.556269784537946
A4,96,0,workday,5,False,18,0,21.77777777777778,26.537988691609446,4.760210913831669
A4,96,0,workday,6,False,18,0,28.16666666666667,30.084184135597223,1.9175174689305525
A4,96,0,workday,7,False,18,0,28.694444444444443,31.477485615589192,2.7830411711447436
A4,96,0,workday,8,False,18,0,29.009259259259252,32.02948856739576,3.0202293081365004
A4,96,0,workday,9,False,18,0,29.564814814814813,31.846915298369336,2.2821004835545224
A4,96,0,workday,10,False,18,0,30.675925925925924,32.0505858894394,1.3746599635134704
A4,96,0,workday,11,False,18,0,29.509259259259263,30.602364491912233,1.0931052326529733
A4,96,0,workday,12,False,18,0,26.361111111111114,29.119373558105046,2.758262446993937
A4,96,0,workday,13,False,18,0,22.499999999999996,22.48782600172477,-0.012173998275227483
A4,96,0,workday,14,False,18,0,28.12962962962963,30.970762554044956,2.8411329244153234
A4,96,0,workday,15,False,18,0,28.953703703703702,30.394229812393704,1.4405261086900023
A4,96,0,workday,16,False,18,0,29.55555555555556,30.723532365537253,1.1679768099816963
A4,96,0,workday,17,False,18,0,27.601851851851855,29.63490031010327,2.033048458251416
A4,96,0,workday,18,False,18,0,30.703703703703702,30.97306855623143,0.26936485252771747
A4,96,0,workday,19,False,18,0,31.064814814814813,33.805540818631066,2.740726003816253
A4,96,0,workday,20,False,18,0,33.342592592592595,33.18296539894361,-0.15962719364899097
A4,96,0,workday,21,False,18,0,22.62037037037037,21.11410017070214,-1.5062701996682337
A4,96,0,workday,22,False,18,0,18.555555555555557,22.356281110232032,3.8007255546764753
A4,96,0,workday,23,False,18,0,26.92592592592592,28.7428253403067,1.8168994143807753
A4,96,0,workday,24,False,18,0,30.018518518518515,33.2626661852943,3.2441476667757834
A4,96,0,workday,25,False,18,0,28.814814814814813,32.75634514326592,3.941530328451109
A4,96,0,workday,26,False,18,0,29.592592592592595,32.16795716802686,2.575364575434266
A4,96,0,workday,27,False,18,0,30.04629629629629,29.980329518844435,-0.06596677745185531
A4,96,0,workday,28,False,18,0,30.16666666666666,29.486424161255133,-0.6802425054115299
A4,96,0,workday,29,False,18,0,26.833333333333332,30.316906046343654,3.4835727130103202
A4,96,0,workday,30,False,18,0,26.212962962962965,29.963447798765092,3.7504848358021263
A4,96,0,workday,31,False,17,0,22.68627450980392,36.749777478721285,14.06350296891737
A4,96,0,workday,31,True,1,0,60.0,66.48927438470082,6.4892743847008205
A4,96,0,workday,32,False,18,0,14.685185185185187,31.274743767070845,16.589558581885658
A4,96,0,workday,33,False,18,0,6.935185185185184,28.16748319785686,21.232298012671677
A4,96,0,workday,34,False,18,5,5.777777777777776,30.684265501802322,24.906487724024544
A4,96,0,workday,35,False,18,6,11.601851851851855,32.214905729863936,20.613053878012085
A4,96,0,workday,36,False,18,4,13.564814814814817,23.851071741380363,10.28625692656555
A4,96,0,workday,37,False,18,2,6.074074074074072,22.87629658659601,16.802222512521936
A4,96,0,workday,38,False,18,2,13.38888888888889,25.037639977328467,11.648751088439578
A4,96,0,workday,39,False,18,2,8.888888888888891,23.885425606997487,14.9965367181086
A4,96,0,workday,40,False,18,2,11.175925925925927,24.511413265999224,13.335487340073293
A4,96,0,workday,41,False,18,0,6.722222222222222,17.71088712096899,10.988664898746768
A4,96,0,workday,42,False,18,0,8.814814814814815,27.59157063350257,18.776755818687754
A4,96,0,workday,43,False,18,0,4.944444444444445,25.706819004269434,20.76237455982499
A4,96,0,workday,44,False,18,1,5.2037037037037015,25.90752241384051,20.70381871013681
A4,96,0,workday,45,False,19,1,3.9473684210526314,26.907650583520716,22.960282162468083
A4,96,0,workday,46,False,19,1,5.833333333333331,29.553576666017857,23.72024333268453
A4,96,0,workday,47,False,19,1,7.20175438596491,26.25902078681355,19.05726640084864
A4,96,0,workday,48,False,19,1,9.789473684210526,25.246449046833455,15.45697536262293
A4,96,0,workday,49,False,19,0,3.9824561403508723,11.889242481696058,7.906786341345185
A4,96,0,workday,50,False,19,0,6.815789473684211,9.56483928906597,2.7490498153817615
A4,96,0,workday,51,False,19,0,7.254385964912283,9.211059883483804,1.9566739185715238
A4,96,0,workday,52,False,19,0,10.350877192982457,16.95245485131714,6.601577658334682
A4,96,0,workday,53,False,19,3,15.771929824561408,28.55602384570324,12.78409402114184
A4,96,0,workday,54,False,19,3,11.780701754385966,27.078086460961956,15.297384706575992
A4,96,0,workday,55,False,19,2,8.938596491228072,27.560559301898365,18.621962810670297
A4,96,0,workday,56,False,19,2,6.7105263157894735,29.2293771195979,22.518850803808427
A4,96,0,workday,57,False,19,0,7.149122807017543,29.89728292657963,22.748160119562087
A4,96,0,workday,58,False,19,0,8.385964912280704,30.94378076338672,22.557815851106014
A4,96,0,workday,59,False,19,0,4.245614035087722,29.341880188934223,25.096266153846503
A4,96,0,workday,60,False,19,1,7.9298245614035086,30.300867239099347,22.371042677695836
A4,96,0,workday,61,False,19,0,5.236842105263161,16.120418877961484,10.883576772698325
A4,96,0,workday,62,False,19,0,11.587719298245613,29.807333947216062,18.21961464897045
A4,96,0,workday,63,False,19,2,10.921052631578949,32.89769898650261,21.976646354923666
A4,96,0,workday,64,False,19,0,10.780701754385964,33.90827807443633,23.12757632005037
A4,96,0,workday,65,False,19,0,9.342105263157896,32.652850278246014,23.310745015088113
A4,96,0,workday,66,False,19,0,9.070175438596493,33.96161939432361,24.89144395572712
A4,96,0,workday,67,False,19,0,6.964912280701758,28.906835646603792,21.94192336590204
A4,96,0,workday,68,False,19,0,6.824561403508773,27.58483808647379,20.76027668296502
A4,96,0,workday,69,False,19,0,3.5964912280701684,12.642089258609841,9.045598030539674
A4,96,0,workday,70,False,19,0,6.842105263157893,10.439673126391744,3.597567863233851
A4,96,0,workday,71,False,19,0,13.307017543859653,28.397492257062385,15.090474713202731
A4,96,0,workday,72,False,19,0,11.798245614035089,28.424699291121108,16.626453677086015
A4,96,0,workday,73,False,19,0,12.412280701754387,29.443733664338072,17.031452962583682
A4,96,0,workday,74,False,19,0,12.096491228070178,34.43729765070572,22.34080642263555
A4,96,0,workday,75,False,19,0,13.596491228070178,34.34917129305099,20.75268006498081
A4,96,0,workday,76,False,19,0,17.57894736842105,38.457378127581194,20.878430759160143
A4,96,0,workday,77,False,19,0,19.96491228070175,37.53466587463108,17.56975359392933
A4,96,0,workday,78,False,19,0,19.596491228070178,37.592892400073104,17.99640117200293
A4,96,0,workday,79,False,19,0,18.18421052631579,33.5887129962711,15.404502469955302
A4,96,0,workday,80,False,19,0,9.456140350877192,15.408856883569618,5.952716532692423
A4,96,0,workday,81,False,19,0,6.631578947368418,14.421334988337911,7.789756040969492
A4,96,0,workday,82,False,19,0,8.973684210526315,15.010256161848528,6.0365719513222125
A4,96,0,workday,83,False,19,0,9.30701754385965,19.220972104634683,9.913954560775034
A4,96,0,workday,84,False,19,0,11.850877192982454,20.96193254980353,9.111055356821076
A4,96,0,workday,85,False,19,0,8.447368421052628,16.028730676794183,7.581362255741555
A4,96,0,workday,86,False,19,0,7.263157894736839,15.884996682651831,8.621838787914994
A4,96,0,workday,87,False,18,0,6.305555555555553,15.524656584468978,9.219101028913425
A4,96,0,workday,88,False,18,0,5.00925925925926,12.90892002236819,7.89966076310893
A4,96,0,workday,89,False,18,0,5.601851851851851,12.55157365164358,6.949721799791728
A4,96,0,workday,90,False,18,0,8.546296296296301,15.839738235447166,7.293441939150865
A4,96,0,workday,91,False,18,0,4.50925925925926,13.526434516105617,9.017175256846356
A4,96,0,workday,92,False,18,0,5.444444444444441,13.726064255436414,8.281619810991973
A4,96,0,workday,93,False,18,0,8.888888888888893,15.46265315764074,6.57376426875185
A4,96,0,workday,94,False,18,0,6.314814814814819,14.53823467884577,8.22341986403095
A4,96,0,workday,95,False,18,0,5.148148148148149,10.958197097422802,5.810048949274653
A4,96,1,offday,0,False,7,0,3.357142857142859,17.807845338976417,14.45070248183356
A4,96,1,offday,1,False,7,0,23.357142857142858,14.638831708111159,-8.718311149031697
A4,96,1,offday,2,False,7,0,22.321428571428573,13.353117422396874,-8.968311149031697
A4,96,1,offday,3,False,7,0,22.071428571428573,13.561348487826242,-8.510080083602327
A4,96,1,offday,4,False,7,0,22.142857142857142,13.537505935016421,-8.605351207840721
A4,96,1,offday,5,False,7,0,37.32142857142857,15.10631751549779,-22.215111055930784
A4,96,1,offday,6,False,7,0,42.535714285714285,17.036707212946123,-25.499007072768165
A4,96,1,offday,7,False,7,0,46.67857142857143,19.19906926395165,-27.479502164619777
A4,96,1,offday,8,False,7,0,45.535714285714285,17.392405475979466,-28.143308809734815
A4,96,1,offday,9,False,7,0,44.107142857142854,15.64390994801724,-28.463232909125615
A4,96,1,offday,10,False,7,0,40.92857142857143,15.41146240438071,-25.51710902419072
A4,96,1,offday,11,False,7,0,41.392857142857146,16.459515933586818,-24.93334120927032
A4,96,1,offday,12,False,7,0,45.964285714285715,19.309902442370515,-26.654383271915204
A4,96,1,offday,13,False,7,0,37.142857142857146,17.811000725681314,-19.33185641717583
A4,96,1,offday,14,False,7,0,44.607142857142854,16.359184774465632,-28.247958082677226
A4,96,1,offday,15,False,7,0,43.535714285714285,15.759049343667877,-27.776664942046413
A4,96,1,offday,16,False,7,0,41.82142857142857,14.586480072521168,-27.234948498907407
A4,96,1,offday,17,False,7,0,44.07142857142857,15.739890848025029,-28.33153772340354
A4,96,1,offday,18,False,7,0,45.607142857142854,17.906366635393617,-27.700776221749237
A4,96,1,offday,19,False,7,0,45.25,18.216999838383867,-27.033000161616137
A4,96,1,offday,20,False,7,0,44.892857142857146,18.051252169752235,-26.84160497310491
A4,96,1,offday,21,False,8,0,31.59375,15.246345692637838,-16.34740430736216
A4,96,1,offday,22,False,8,0,27.1875,16.27259786860561,-10.914902131394388
A4,96,1,offday,23,False,8,0,36.90625,15.659065052273695,-21.247184947726304
A4,96,1,offday,24,False,8,0,41.78125,14.801056274343571,-26.980193725656427
A4,96,1,offday,25,False,8,0,42.9375,14.273633879758458,-28.66386612024154
A4,96,1,offday,26,False,8,0,43.4375,17.04694155997582,-26.39055844002418
A4,96,1,offday,27,False,8,0,43.25,15.579540364037046,-27.670459635962956
A4,96,1,offday,28,False,8,0,39.25,16.02302437506005,-23.22697562493995
A4,96,1,offday,29,False,8,0,34.0625,17.254062380413586,-16.808437619586414
A4,96,1,offday,30,False,8,0,30.15625,17.239562878375587,-12.916687121624411
A4,96,1,offday,31,False,8,0,16.6875,11.177102474182341,-5.51039752581766
A4,96,1,offday,32,False,8,0,4.53125,8.652484550532428,4.121234550532427
A4,96,1,offday,33,False,8,0,1.59375,11.098363117243018,9.504613117243018
A4,96,1,offday,34,False,8,0,1.34375,11.348363117243018,10.004613117243018
A4,96,1,offday,35,False,8,0,1.375,11.953105728765038,10.578105728765038
A4,96,1,offday,36,False,8,0,0.8125,12.203105728765038,11.390605728765038
A4,96,1,offday,37,False,8,0,1.1875,11.828105728765038,10.640605728765038
A4,96,1,offday,38,False,8,0,1.0,11.828105728765038,10.828105728765038
A4,96,1,offday,39,False,8,0,1.3125,12.177020865641747,10.864520865641747
A4,96,1,offday,40,False,8,0,1.78125,12.764519017056932,10.983269017056932
A4,96,1,offday,41,False,8,0,1.625,13.358328135633931,11.733328135633931
A4,96,1,offday,42,False,8,0,1.375,12.977199292278895,11.602199292278895
A4,96,1,offday,43,False,8,0,1.5,12.477199292278895,10.977199292278895
A4,96,1,offday,44,False,8,0,2.0625,11.602199292278895,9.539699292278895
A4,96,1,offday,45,False,8,0,1.59375,11.977199292278895,10.383449292278895
A4,96,1,offday,46,False,8,0,1.625,11.817337661294822,10.192337661294822
A4,96,1,offday,47,False,8,0,2.625,10.67281471601338,8.04781471601338
A4,96,1,offday,48,False,8,0,2.15625,11.42281471601338,9.26656471601338
A4,96,1,offday,49,False,8,0,1.25,13.141623834590382,11.891623834590382
A4,96,1,offday,50,False,8,0,1.25,12.891623834590382,11.641623834590382
A4,96,1,offday,51,False,8,0,1.0625,13.141623834590382,12.079123834590382
A4,96,1,offday,52,False,8,0,1.53125,12.641623834590382,11.110373834590382
A4,96,1,offday,53,False,8,0,1.75,12.04781471601338,10.29781471601338
A4,96,1,offday,54,False,8,0,1.15625,13.17281471601338,12.01656471601338
A4,96,1,offday,55,False,8,0,1.28125,12.54781471601338,11.26656471601338
A4,96,1,offday,56,False,8,0,1.375,12.67281471601338,11.29781471601338
A4,96,1,offday,57,False,8,0,0.78125,12.54781471601338,11.76656471601338
A4,96,1,offday,58,False,8,0,1.34375,12.04781471601338,10.70406471601338
A4,96,1,offday,59,False,8,0,2.25,11.67281471601338,9.42281471601338
A4,96,1,offday,60,False,8,0,1.46875,11.92281471601338,10.45406471601338
A4,96,1,offday,61,False,8,0,2.15625,12.141623834590382,9.985373834590382
A4,96,1,offday,62,False,8,0,1.5625,12.29781471601338,10.73531471601338
A4,96,1,offday,63,False,7,0,1.3928571428571428,12.082934157607996,10.690077014750853
A4,96,1,offday,64,False,7,0,0.8214285714285714,12.654362729036567,11.832934157607996
A4,96,1,offday,65,False,7,0,2.357142857142857,11.007049745976142,8.649906888833282
A4,96,1,offday,66,False,7,0,2.5714285714285716,11.35973676291571,8.78830819148714
A4,96,1,offday,67,False,7,0,1.3571428571428572,12.149906888833284,10.792764031690426
A4,96,1,offday,68,False,7,0,1.1785714285714286,12.149906888833284,10.971335460261855
A4,96,1,offday,69,False,7,0,0.8928571428571429,12.266028990470712,11.373171847613568
A4,96,1,offday,70,False,7,0,1.0,12.408886133327854,11.408886133327854
A4,96,1,offday,71,False,7,0,0.8214285714285714,12.846369242305855,12.024940670877283
A4,96,1,offday,72,False,7,0,1.2857142857142858,12.007049745976142,10.721335460261855
A4,96,1,offday,73,False,7,0,1.4285714285714286,12.007049745976142,10.578478317404713
A4,96,1,offday,74,False,7,0,2.0,11.569566636998141,9.569566636998141
A4,96,1,offday,75,False,7,0,2.5714285714285716,11.417797813734426,8.846369242305853
A4,96,1,offday,76,False,7,0,1.3571428571428572,12.274940670877283,10.917797813734426
A4,96,1,offday,77,False,7,0,0.9285714285714286,12.846369242305855,11.917797813734426
A4,96,1,offday,78,False,7,0,0.7857142857142857,13.123171847613568,12.337457561899283
A4,96,1,offday,79,False,7,0,2.0357142857142856,11.980314704756426,9.94460041904214
A4,96,1,offday,80,False,7,0,1.8571428571428572,12.266028990470712,10.408886133327854
A4,96,1,offday,81,False,7,0,0.6428571428571429,12.980314704756426,12.337457561899283
A4,96,1,offday,82,False,7,0,1.0,12.551743276184997,11.551743276184997
A4,96,1,offday,83,False,7,0,1.1071428571428572,12.837457561899283,11.730314704756426
A4,96,1,offday,84,False,7,0,0.8214285714285714,13.123171847613568,12.301743276184997
A4,96,1,offday,85,False,7,0,1.5714285714285714,12.123171847613568,10.551743276184997
A4,96,1,offday,86,False,7,0,1.3214285714285714,12.266028990470712,10.94460041904214
A4,96,1,offday,87,False,7,0,1.4285714285714286,12.007898800698403,10.579327372126974
A4,96,1,offday,88,False,7,0,2.857142857142857,10.86504165784126,8.007898800698403
A4,96,1,offday,89,False,7,0,1.7857142857142858,11.86504165784126,10.079327372126974
A4,96,1,offday,90,False,7,0,1.0357142857142858,12.746027067793941,11.710312782079654
A4,96,1,offday,91,False,7,0,0.6785714285714286,13.174598496365368,12.496027067793941
A4,96,1,offday,92,False,7,0,1.2142857142857142,12.888884210651083,11.674598496365368
A4,96,1,offday,93,False,7,0,2.25,11.746027067793941,9.496027067793941
A4,96,1,offday,94,False,7,0,2.1785714285714284,12.031741353508226,9.853169924936797
A4,96,1,offday,95,False,7,0,0.9642857142857143,12.603169924936797,11.638884210651083
A4,96,1,workday,0,False,20,0,5.133333333333332,18.276748000621872,13.143414667288543
A4,96,1,workday,1,False,20,0,14.708333333333334,17.825812605328707,3.117479271995372
A4,96,1,workday,2,False,20,0,13.933333333333337,17.505705013436653,3.572371680103317
A4,96,1,workday,3,False,20,0,13.541666666666671,17.832459031865397,4.290792365198729
A4,96,1,workday,4,False,20,0,13.1,17.53666403806362,4.436664038063623
A4,96,1,workday,5,False,20,0,19.775,17.913093860417682,-1.8619061395823209
A4,96,1,workday,6,False,20,0,23.65833333333334,22.74156103348054,-0.9167722998528014
A4,96,1,workday,7,False,20,0,25.391666666666666,23.18870971065403,-2.2029569560126343
A4,96,1,workday,8,False,20,0,25.200000000000006,22.774834587345456,-2.425165412654548
A4,96,1,workday,9,False,20,0,25.016666666666666,22.83483214886929,-2.1818345177973795
A4,96,1,workday,10,False,20,0,26.141666666666662,24.398992500133662,-1.7426741665330057
A4,96,1,workday,11,False,20,0,25.608333333333338,23.514900907939214,-2.0934324253941234
A4,96,1,workday,12,False,20,0,24.575,22.961452881653145,-1.6135471183468533
A4,96,1,workday,13,False,20,0,22.158333333333335,20.884599973786965,-1.2737333595463673
A4,96,1,workday,14,False,20,0,25.125000000000004,21.89079529441724,-3.2342047055827594
A4,96,1,workday,15,False,20,0,26.06666666666667,24.03285759397415,-2.0338090726925167
A4,96,1,workday,16,False,20,0,26.53333333333334,23.58646718006358,-2.946866153269758
A4,96,1,workday,17,False,20,0,25.758333333333336,23.773548006796865,-1.9847853265364699
A4,96,1,workday,18,False,20,0,23.94166666666667,22.620286718342566,-1.3213799483241027
A4,96,1,workday,19,False,20,0,24.575,21.8034132380453,-2.771586761954701
A4,96,1,workday,20,False,20,0,23.3,21.76800635723456,-1.5319936427654368
A4,96,1,workday,21,False,20,0,19.249999999999996,19.207811697738226,-0.04218830226177665
A4,96,1,workday,22,False,20,0,17.275,18.536853217397493,1.2618532173974948
A4,96,1,workday,23,False,20,0,20.741666666666667,19.667417198761484,-1.0742494679051837
A4,96,1,workday,24,False,20,0,25.708333333333336,23.47133407150592,-2.2369992618274153
A4,96,1,workday,25,False,20,0,27.041666666666664,23.771518165261163,-3.2701485014054983
A4,96,1,workday,26,False,20,0,25.233333333333334,23.22387300756051,-2.0094603257728183
A4,96,1,workday,27,False,20,0,25.283333333333335,24.36690233740745,-0.9164309959258841
A4,96,1,workday,28,False,20,0,26.608333333333338,23.588298230897784,-3.0200351024355507
A4,96,1,workday,29,False,20,0,27.05,23.954694234264895,-3.0953057657351004
A4,96,1,workday,30,False,20,0,27.225,25.39654064499144,-1.8284593550085588
A4,96,1,workday,31,False,19,0,25.561403508771935,24.440717455867038,-1.1206860529048928
A4,96,1,workday,31,True,1,0,63.66666666666666,10.718800555754868,-52.94786611091179
A4,96,1,workday,32,False,19,0,19.008771929824558,20.20886262151847,1.2000906916939091
A4,96,1,workday,32,True,1,0,38.66666666666666,9.312572920759635,-29.354093745907022
A4,96,1,workday,33,False,19,1,10.710526315789478,18.580568513262936,7.870042197473457
A4,96,1,workday,33,True,1,0,4.5,0.08356278443514498,-4.416437215564855
A4,96,1,workday,34,False,20,7,12.549999999999999,23.275881590890766,10.725881590890767
A4,96,1,workday,35,False,20,8,13.033333333333335,26.492162497064747,13.458829163731412
A4,96,1,workday,36,False,20,8,11.100000000000001,25.14002984716773,14.040029847167734
A4,96,1,workday,37,False,20,5,9.075,19.670515552921554,10.595515552921555
A4,96,1,workday,38,False,20,6,10.491666666666665,18.785809373082248,8.294142706415581
A4,96,1,workday,39,False,20,5,8.15,18.3420882734452,10.192088273445203
A4,96,1,workday,40,False,20,8,12.400000000000004,20.46007600656601,8.060076006566007
A4,96,1,workday,41,False,20,0,10.541666666666659,17.75782083546985,7.2161541688031905
A4,96,1,workday,42,False,20,6,11.058333333333334,20.7920623946413,9.733729061307965
A4,96,1,workday,43,False,20,9,11.508333333333333,24.78226413057112,13.27393079723779
A4,96,1,workday,44,False,20,6,9.633333333333331,20.999511169845874,11.366177836512545
A4,96,1,workday,45,False,20,5,9.275000000000002,20.798260497858717,11.523260497858718
A4,96,1,workday,46,False,20,5,10.808333333333332,18.544395415378187,7.736062082044855
A4,96,1,workday,47,False,20,5,8.224999999999998,19.621243552156102,11.396243552156106
A4,96,1,workday,48,False,20,3,9.733333333333334,17.533228454202106,7.799895120868771
A4,96,1,workday,49,False,20,0,11.09166666666666,14.078722329512075,2.9870556628454166
A4,96,1,workday,50,False,20,0,10.774999999999995,13.011270281815381,2.2362702818153886
A4,96,1,workday,51,False,20,0,7.85833333333334,12.662164954661524,4.803831621328184
A4,96,1,workday,52,False,20,0,5.4249999999999945,12.045678578122907,6.62067857812291
A4,96,1,workday,53,False,20,2,8.05,15.57240828327611,7.522408283276107
A4,96,1,workday,54,False,20,6,14.133333333333331,20.089777032590487,5.956443699257152
A4,96,1,workday,55,False,20,6,11.516666666666667,20.21749773423167,8.700831067565005
A4,96,1,workday,56,False,20,7,11.708333333333334,21.68628255454404,9.977949221210702
A4,96,1,workday,57,False,20,4,10.399999999999999,17.488951720221884,7.088951720221887
A4,96,1,workday,58,False,20,3,9.4,15.352494084869118,5.952494084869118
A4,96,1,workday,59,False,20,3,10.449999999999996,15.836237415840202,5.386237415840208
A4,96,1,workday,60,False,20,4,10.124999999999996,17.508045360999528,7.383045360999532
A4,96,1,workday,61,False,20,0,9.675000000000002,16.766095625426363,7.09109562542636
A4,96,1,workday,62,False,20,3,10.691666666666665,18.887257703282437,8.195591036615774
A4,96,1,workday,63,False,20,5,10.100000000000003,21.839899051497095,11.73989905149709
A4,96,1,workday,64,False,20,4,11.575,19.415434429943662,7.84043442994366
A4,96,1,workday,65,False,20,1,8.558333333333334,16.068868859935925,7.51053552660259
A4,96,1,workday,66,False,20,0,9.533333333333331,20.561702597470568,11.028369264137236
A4,96,1,workday,67,False,20,1,10.008333333333336,18.14687010146567,8.138536768132335
A4,96,1,workday,68,False,20,0,8.516666666666666,15.276587756831436,6.7599210901647755
A4,96,1,workday,69,False,20,0,11.066666666666666,15.050737401508172,3.9840707348415116
A4,96,1,workday,70,False,20,0,12.25833333333333,13.125472181848433,0.8671388485151063
A4,96,1,workday,71,False,20,0,8.491666666666669,17.475400518231602,8.983733851564939
A4,96,1,workday,72,False,20,2,8.933333333333334,17.510451778212285,8.577118444878954
A4,96,1,workday,73,False,20,1,10.591666666666669,18.175965034179853,7.584298367513182
A4,96,1,workday,74,False,20,1,11.149999999999999,16.012949224504045,4.8629492245040415
A4,96,1,workday,75,False,20,0,12.116666666666665,14.720143578147795,2.60347691148113
A4,96,1,workday,76,False,20,0,12.291666666666666,14.684872566131707,2.3932058994650456
A4,96,1,workday,77,False,20,0,12.075,15.978574428397689,3.9035744283976883
A4,96,1,workday,78,False,20,0,12.408333333333331,11.977747186444622,-0.4305861468887088
A4,96,1,workday,79,False,20,0,17.84166666666666,22.113046693558204,4.271380026891537
A4,96,1,workday,80,False,20,0,14.691666666666668,16.123316546907013,1.4316498802403395
A4,96,1,workday,81,False,20,0,10.666666666666671,12.94708401811809,2.2804173514514177
A4,96,1,workday,82,False,20,0,9.35,14.92335438278675,5.573354382786747
A4,96,1,workday,83,False,20,0,9.816666666666668,12.839575888586415,3.0229092219197478
A4,96,1,workday,84,False,20,0,9.400000000000002,14.483824845332549,5.083824845332547
A4,96,1,workday,85,False,20,0,8.983333333333334,12.991296669549703,4.00796333621637
A4,96,1,workday,86,False,20,0,8.033333333333331,12.0719434214626,4.038610088129268
A4,96,1,workday,87,False,20,0,7.858333333333329,11.99635371892018,4.1380203855868505
A4,96,1,workday,88,False,20,0,7.266666666666671,11.418295553106114,4.1516288864394415
A4,96,1,workday,89,False,20,0,8.191666666666663,11.913802368809282,3.7221357021426194
A4,96,1,workday,90,False,20,0,6.7,10.395759254628606,3.695759254628606
A4,96,1,workday,91,False,20,0,8.008333333333331,12.247217676492069,4.2388843431587375
A4,96,1,workday,92,False,20,0,8.48333333333333,11.495640166614091,3.012306833280762
A4,96,1,workday,93,False,20,0,7.724999999999997,12.189639983474295,4.464639983474298
A4,96,1,workday,94,False,20,0,6.9583333333333375,12.388089403581244,5.4297560702479055
A4,96,1,workday,95,False,20,0,5.9500000000000055,9.84301053455776,3.8930105345577517
A4,96,2,offday,0,False,6,0,8.972222222222223,39.57682857950656,30.604606357284336
A4,96,2,offday,1,False,5,0,19.55,38.2518453127655,18.701845312765492
A4,96,2,offday,2,False,5,0,16.95,38.02750722827639,21.077507228276392
A4,96,2,offday,3,False,5,0,17.55,37.52481306759375,19.97481306759375
A4,96,2,offday,4,False,5,0,17.25,37.223949773712214,19.973949773712214
A4,96,2,offday,5,False,5,0,27.25,37.913503887993954,10.663503887993953
A4,96,2,offday,6,False,5,0,30.5,39.36768920512175,8.867689205121742
A4,96,2,offday,7,False,5,0,31.2,41.00062482783734,9.800624827837334
A4,96,2,offday,8,False,5,0,30.9,39.864609549690826,8.964609549690824
A4,96,2,offday,9,False,5,0,32.7,40.38399717410646,7.683997174106463
A4,96,2,offday,10,False,5,0,31.4,42.43959841890113,11.039598418901123
A4,96,2,offday,11,False,5,0,29.8,42.32528319734186,12.525283197341858
A4,96,2,offday,12,False,8,0,29.8125,38.31551937147928,8.503019371479287
A4,96,2,offday,13,False,8,0,24.625,35.766609058730026,11.141609058730026
A4,96,2,offday,14,False,8,0,32.125,40.636807057299066,8.511807057299063
A4,96,2,offday,15,False,8,0,34.8125,43.759816998210965,8.947316998210967
A4,96,2,offday,16,False,8,0,35.6875,43.20573639334062,7.518236393340621
A4,96,2,offday,17,False,8,0,34.625,42.675122228964305,8.050122228964302
A4,96,2,offday,18,False,8,0,32.75,39.872278858628434,7.122278858628429
A4,96,2,offday,19,False,8,0,33.8125,41.63452703506338,7.822027035063381
A4,96,2,offday,20,False,8,0,31.4375,37.25003353404696,5.812533534046958
A4,96,2,offday,21,False,8,0,23.875,34.52825158111848,10.653251581118479
A4,96,2,offday,22,False,8,0,20.375,34.02733484401796,13.652334844017961
A4,96,2,offday,23,False,8,0,28.5625,37.42112721165357,8.85862721165357
A4,96,2,offday,24,False,8,0,32.125,39.18162013981791,7.0566201398179125
A4,96,2,offday,25,False,8,0,34.375,43.064965950830896,8.689965950830896
A4,96,2,offday,26,False,8,0,31.25,42.94379939401026,11.69379939401027
A4,96,2,offday,27,False,8,0,32.3125,40.11227178547788,7.799771785477881
A4,96,2,offday,28,False,8,0,29.875,39.20996374704167,9.334963747041675
A4,96,2,offday,29,False,8,0,29.5,40.13399898067962,10.633998980679625
A4,96,2,offday,30,False,8,0,25.9375,35.10200226900503,9.16450226900503
A4,96,2,offday,31,False,8,0,15.9375,34.826347117187694,18.88884711718769
A4,96,2,offday,32,False,8,0,4.9375,48.95854245626241,44.02104245626241
A4,96,2,offday,33,False,8,0,2.8125,52.30727622231981,49.49477622231981
A4,96,2,offday,34,False,8,0,3.4375,44.24400964257662,40.80650964257662
A4,96,2,offday,35,False,8,0,1.5,45.65133619385996,44.15133619385996
A4,96,2,offday,36,False,8,0,2.1875,52.41409657011015,50.22659657011015
A4,96,2,offday,37,False,8,0,1.875,53.089480457040835,51.214480457040835
A4,96,2,offday,38,False,8,0,2.5625,52.10740412739607,49.54490412739607
A4,96,2,offday,39,False,8,0,2.0,53.20865676213321,51.20865676213321
A4,96,2,offday,40,False,8,0,2.0625,54.63694709473542,52.57444709473542
A4,96,2,offday,41,False,8,0,2.0,45.02408583516892,43.02408583516892
A4,96,2,offday,42,False,8,0,2.25,45.43020932369825,43.18020932369825
A4,96,2,offday,43,False,8,0,2.3125,45.96488954217,43.65238954217
A4,96,2,offday,44,False,8,0,2.0625,45.85440830258743,43.79190830258743
A4,96,2,offday,45,False,8,0,2.875,44.12105527090589,41.24605527090589
A4,96,2,offday,46,False,8,0,3.0,42.693667510132926,39.693667510132926
A4,96,2,offday,47,False,8,0,3.4375,35.57325282284508,32.13575282284508
A4,96,2,offday,48,False,8,0,2.375,36.79049092521887,34.41549092521887
A4,96,2,offday,49,False,8,0,2.25,37.725609434007076,35.475609434007076
A4,96,2,offday,50,False,8,0,1.625,44.71141162307843,43.08641162307843
A4,96,2,offday,51,False,8,0,2.25,40.96852187869074,38.71852187869074
A4,96,2,offday,52,False,8,0,1.9375,42.216298469588125,40.278798469588125
A4,96,2,offday,53,False,8,0,2.0625,41.99802431374653,39.93552431374653
A4,96,2,offday,54,False,8,0,1.875,42.11009136589958,40.23509136589958
A4,96,2,offday,55,False,8,0,1.4375,43.80613654514622,42.36863654514622
A4,96,2,offday,56,False,8,0,1.3125,36.30967349134483,34.99717349134483
A4,96,2,offday,57,False,8,0,1.6875,42.735311442112625,41.047811442112625
A4,96,2,offday,58,False,8,0,1.6875,42.667183016431345,40.979683016431345
A4,96,2,offday,59,False,8,0,2.25,41.85842942934167,39.60842942934167
A4,96,2,offday,60,False,8,0,1.75,42.92416253498655,41.17416253498655
A4,96,2,offday,61,False,8,0,2.0625,43.86374892444438,41.80124892444438
A4,96,2,offday,62,False,8,0,2.5625,43.637059052345705,41.074559052345705
A4,96,2,offday,63,False,8,0,1.625,43.81765596959529,42.19265596959529
A4,96,2,offday,64,False,8,0,1.5,36.888484955377535,35.388484955377535
A4,96,2,offday,65,False,8,0,2.125,49.256362168727264,47.131362168727264
A4,96,2,offday,66,False,8,0,2.3125,34.93500901745287,32.62250901745287
A4,96,2,offday,67,False,8,0,1.5,43.94441109155014,42.44441109155014
A4,96,2,offday,68,False,8,0,1.875,37.812668089968675,35.937668089968675
A4,96,2,offday,69,False,8,0,1.375,45.34754920330895,43.97254920330895
A4,96,2,offday,70,False,8,0,1.625,38.78224060886068,37.15724060886068
A4,96,2,offday,71,False,8,0,1.5,38.46107613155625,36.96107613155625
A4,96,2,offday,72,False,8,0,1.8125,43.93147207125426,42.11897207125426
A4,96,2,offday,73,False,8,0,1.5,44.07408256056864,42.57408256056864
A4,96,2,offday,74,False,8,0,2.5,50.79691974221174,48.29691974221174
A4,96,2,offday,75,False,8,0,1.875,45.458290116318835,43.583290116318835
A4,96,2,offday,76,False,8,0,1.9375,44.82267602888697,42.88517602888697
A4,96,2,offday,77,False,8,0,2.25,44.4220613014495,42.1720613014495
A4,96,2,offday,78,False,8,0,1.625,45.92829747344781,44.30329747344781
A4,96,2,offday,79,False,8,0,1.875,47.97480901238623,46.09980901238623
A4,96,2,offday,80,False,8,0,1.5625,45.39024662274452,43.82774662274452
A4,96,2,offday,81,False,8,0,1.5625,45.19902298512823,43.63652298512823
A4,96,2,offday,82,False,8,0,1.0625,45.08672803701033,44.02422803701033
A4,96,2,offday,83,False,8,0,1.6875,44.287891325989946,42.600391325989946
A4,96,2,offday,84,False,8,0,1.5,37.45637166000059,35.95637166000059
A4,96,2,offday,85,False,8,0,1.6875,32.605564941475926,30.918064941475926
A4,96,2,offday,86,False,8,0,2.3125,26.074565222815856,23.762065222815856
A4,96,2,offday,87,False,8,0,1.4375,38.86492959509347,37.42742959509347
A4,96,2,offday,88,False,8,0,1.9375,33.70515770437436,31.767657704374358
A4,96,2,offday,89,False,8,0,1.1875,33.707430155915326,32.519930155915326
A4,96,2,offday,90,False,8,0,1.9375,34.01587943009263,32.07837943009263
A4,96,2,offday,91,False,8,0,2.4375,32.81666684010115,30.379166840101146
A4,96,2,offday,92,False,8,0,1.4375,27.671670869222023,26.234170869222023
A4,96,2,offday,93,False,8,0,1.6875,27.975685768683274,26.288185768683274
A4,96,2,offday,94,False,8,0,1.875,32.33763479929348,30.462634799293483
A4,96,2,offday,95,False,8,0,1.3125,38.98091492163571,37.66841492163571
A4,96,2,workday,0,False,9,0,31.194444444444443,41.47629517162093,10.281850727176497
A4,96,2,workday,1,False,8,0,40.0625,38.590455788886395,-1.4720442111136034
A4,96,2,workday,2,False,8,0,37.54166666666667,38.39993244102091,0.8582657743542415
A4,96,2,workday,3,False,8,0,35.70833333333333,38.57894734048216,2.8706140071488297
A4,96,2,workday,4,False,8,0,34.625,38.70394734048216,4.078947340482166
A4,96,2,workday,5,False,8,0,51.04166666666668,50.81760025384418,-0.22406641282249673
A4,96,2,workday,6,False,8,0,61.45833333333334,60.75985593158388,-0.6984774017494608
A4,96,2,workday,7,False,8,0,64.77083333333334,63.78697500740587,-0.9838583259274678
A4,96,2,workday,8,False,8,0,64.125,60.14031893305402,-3.9846810669459876
A4,96,2,workday,9,False,8,0,62.27083333333333,60.34223179402777,-1.928601539305566
A4,96,2,workday,10,False,8,0,64.29166666666667,59.978232996937855,-4.3134336697288145
A4,96,2,workday,11,False,8,0,65.29166666666666,63.11592666375439,-2.1757400029122733
A4,96,2,workday,12,False,13,0,51.51282051282051,54.54611086280822,3.0332903499877166
A4,96,2,workday,13,False,13,0,41.51282051282051,43.114542267466305,1.6017217546457887
A4,96,2,workday,14,False,13,0,51.29487179487179,53.18726225058735,1.8923904557155435
A4,96,2,workday,15,False,13,0,54.02564102564102,54.215271587600874,0.18963056195984399
A4,96,2,workday,16,False,13,0,52.00000000000001,54.39978957017705,2.3997895701770426
A4,96,2,workday,17,False,13,0,51.064102564102555,51.26495533854752,0.20085277444496305
A4,96,2,workday,18,False,13,0,51.384615384615394,52.962989958389514,1.5783745737741173
A4,96,2,workday,19,False,13,0,50.435897435897445,51.45455056363828,1.0186531277408297
A4,96,2,workday,20,False,13,0,47.61538461538461,48.048754246876875,0.43336963149225866
A4,96,2,workday,21,False,13,0,38.07692307692308,39.81920428331773,1.7422812063946531
A4,96,2,workday,22,False,13,0,32.93589743589743,34.448114212902226,1.512216777004787
A4,96,2,workday,23,False,13,0,44.589743589743584,46.646263737704345,2.056520147960751
A4,96,2,workday,24,False,13,0,51.21794871794872,52.123144995674956,0.9051962777262381
A4,96,2,workday,25,False,13,0,52.26923076923077,54.567948485291865,2.298717716061106
A4,96,2,workday,26,False,13,0,51.923076923076906,52.17597888791259,0.25290196483567173
A4,96,2,workday,27,False,13,0,51.6923076923077,51.67435225648132,-0.01795543582637184
A4,96,2,workday,28,False,13,0,50.0897435897436,54.54041398909835,4.45067039935476
A4,96,2,workday,29,False,13,0,51.47435897435898,57.107934057311326,5.633575082952349
A4,96,2,workday,30,False,13,0,55.37179487179487,60.565252715188755,5.193457843393877
A4,96,2,workday,31,False,12,0,68.375,73.26834306350354,4.893343063503532
A4,96,2,workday,31,True,1,0,20.0,25.972430419637845,5.9724304196378455
A4,96,2,workday,32,False,11,0,69.22727272727273,87.92080073613464,18.693528008861918
A4,96,2,workday,32,True,2,0,18.58333333333333,37.26161314380646,18.67827981047313
A4,96,2,workday,33,False,13,4,67.74358974358974,81.7980661217501,14.05447637816035
A4,96,2,workday,34,False,13,7,79.03846153846153,93.79681077582873,14.758349237367193
A4,96,2,workday,35,False,13,8,77.61538461538461,94.95221657124168,17.33683195585704
A4,96,2,workday,36,False,13,8,76.28205128205128,91.63102434614636,15.348973064095077
A4,96,2,workday,37,False,13,6,73.96153846153847,85.71705970365942,11.755521242120949
A4,96,2,workday,38,False,13,6,76.1794871794872,85.30471127890301,9.12522409941583
A4,96,2,workday,39,False,12,6,73.9861111111111,85.62334448866012,11.637233377549014
A4,96,2,workday,40,False,12,6,74.91666666666666,85.91809473844368,11.001428071777026
A4,96,2,workday,41,False,12,0,57.48611111111111,71.80020478317333,14.314093672062215
A4,96,2,workday,42,False,12,6,71.79166666666664,84.31032185780434,12.51865519113768
A4,96,2,workday,43,False,12,6,73.25,86.19461831100712,12.944618311007114
A4,96,2,workday,44,False,12,7,77.59722222222221,89.44051315957495,11.843290937352727
A4,96,2,workday,45,False,12,6,79.45833333333334,89.42884638558282,9.97051305224948
A4,96,2,workday,46,False,12,6,78.76388888888889,90.31121168698974,11.54732279810085
A4,96,2,workday,47,False,12,7,76.93055555555556,89.15549684978889,12.224941294233325
A4,96,2,workday,48,False,12,6,77.93055555555556,89.65549684978889,11.724941294233325
A4,96,2,workday,49,False,12,0,49.416666666666664,68.66149627596472,19.24482960929804
A4,96,2,workday,50,False,12,0,38.36111111111111,49.35590444959039,10.994793338479278
A4,96,2,workday,51,False,12,0,36.16666666666666,49.23788952810283,13.071222861436176
A4,96,2,workday,52,False,12,0,39.65277777777778,50.139732867168426,10.486955089390658
A4,96,2,workday,53,False,12,2,63.05555555555555,72.44507428561637,9.38951873006082
A4,96,2,workday,54,False,12,6,73.18055555555556,84.21160938691601,11.031053831360454
A4,96,2,workday,55,False,12,7,73.29166666666667,85.81904906487573,12.52738239820908
A4,96,2,workday,56,False,12,4,75.84722222222221,82.1938546332857,6.3466324110635
A4,96,2,workday,57,False,12,5,69.12499999999999,79.24805319094317,10.123053190943176
A4,96,2,workday,58,False,12,7,70.86111111111111,84.3849127926082,13.523801681497106
A4,96,2,workday,59,False,12,7,76.69444444444444,88.49829025276097,11.803845808316538
A4,96,2,workday,60,False,12,7,74.88888888888889,88.4877404634961,13.598851574607194
A4,96,2,workday,61,False,12,0,53.194444444444436,62.40363344085014,9.209188996405691
A4,96,2,workday,62,False,12,0,52.98611111111111,68.84052791023035,15.854416799119234
A4,96,2,workday,63,False,12,7,69.26388888888887,85.26638766631417,16.002498777425288
A4,96,2,workday,64,False,12,7,70.2222222222222,81.9546858350817,11.732463612859489
A4,96,2,workday,65,False,12,5,66.77777777777777,77.94998361094873,11.172205833170956
A4,96,2,workday,66,False,12,3,64.98611111111113,75.84970827099507,10.863597159883945
A4,96,2,workday,67,False,12,3,66.27777777777779,77.93507252510389,11.657294747326118
A4,96,2,workday,68,False,12,2,64.93055555555556,77.98414121649482,13.053585660939257
A4,96,2,workday,69,False,12,0,42.47222222222222,61.62103498905899,19.14881276683678
A4,96,2,workday,70,False,12,0,38.79166666666668,54.52530581214011,15.733639145473438
A4,96,2,workday,71,False,12,0,59.26388888888888,75.28441572362443,16.020526834735556
A4,96,2,workday,72,False,12,3,65.84722222222223,81.55324743723978,15.706025215017542
A4,96,2,workday,73,False,12,3,66.86111111111111,79.94376771051924,13.082656599408127
A4,96,2,workday,74,False,13,3,61.25641025641026,75.94824736324821,14.691837106837948
A4,96,2,workday,75,False,13,3,62.94871794871795,75.19053990891891,12.241821960200962
A4,96,2,workday,76,False,13,3,63.78205128205128,75.00895292965737,11.226901647606098
A4,96,2,workday,77,False,13,0,62.833333333333336,71.42866057006644,8.595327236733109
A4,96,2,workday,78,False,13,1,57.871794871794876,73.50307927808655,15.63128440629168
A4,96,2,workday,79,False,13,2,58.666666666666664,76.88118150431744,18.214514837650782
A4,96,2,workday,80,False,13,0,49.76923076923077,65.52022139728054,15.750990628049765
A4,96,2,workday,81,False,13,0,43.871794871794876,55.52932662105324,11.657531749258366
A4,96,2,workday,82,False,13,0,46.11538461538461,54.113368360831565,7.997983745446945
A4,96,2,workday,83,False,13,0,44.26923076923077,48.84242824536853,4.57319747613776
A4,96,2,workday,84,False,13,0,41.79487179487181,54.92192455351264,13.127052758640833
A4,96,2,workday,85,False,13,0,40.21794871794873,57.94735235143118,17.72940363348246
A4,96,2,workday,86,False,13,0,41.07692307692308,53.22762289598617,12.150699819063098
A4,96,2,workday,87,False,13,0,41.5,56.33331205661359,14.833312056613586
A4,96,2,workday,88,False,13,0,40.37179487179487,58.46154602850501,18.089751156710136
A4,96,2,workday,89,False,13,0,33.73076923076923,50.202740668026195,16.471971437256954
A4,96,2,workday,90,False,13,0,38.94871794871795,58.662107917252065,19.71338996853412
A4,96,2,workday,91,False,13,0,38.846153846153854,57.69191692755824,18.84576308140438
A4,96,2,workday,92,False,13,0,37.42307692307691,55.78768635414104,18.36460943106414
A4,96,2,workday,93,False,13,0,39.74358974358975,59.12048895534373,19.37689921175398
A4,96,2,workday,94,False,13,0,37.525641025641036,58.77032039116205,21.244679365521026
A4,96,2,workday,95,False,13,0,35.55128205128205,51.83318071106547,16.28189865978342
